id,title,dept,number,units,level,description,terms_offered,prereqs,skills,workload,assessments,source_url
AE100,Concepts Studio,AE,100,0.5,100,Course from Architectural Engineering program,"[""F"", ""W""]",,"[""general engineering""]","{""reading"": 2, ""assignments"": 3, ""projects"": 1, ""labs"": 1}","{""midterm"": 30, ""final"": 40, ""assignments"": 30}",https://uwaterloo.ca/engineering/undergraduate-studies/architectural-engineering
AE101,History of the Built Environment,AE,101,0.5,100,Course from Architectural Engineering program,"[""F"", ""W""]",,"[""general engineering""]","{""reading"": 2, ""assignments"": 3, ""projects"": 1, ""labs"": 1}","{""midterm"": 30, ""final"": 40, ""assignments"": 30}",https://uwaterloo.ca/engineering/undergraduate-studies/architectural-engineering
AE104,Mechanics 1,AE,104,0.5,100,Course from Architectural Engineering program,"[""F"", ""W""]",,"[""mechanics""]","{""reading"": 2, ""assignments"": 3, ""projects"": 1, ""labs"": 1}","{""midterm"": 30, ""final"": 40, ""assignments"": 30}",https://uwaterloo.ca/engineering/undergraduate-studies/architectural-engineering
AE115,Linear Algebra,AE,115,0.5,100,Course from Architectural Engineering program,"[""F"", ""W""]",,"[""general engineering""]","{""reading"": 2, ""assignments"": 3, ""projects"": 1, ""labs"": 1}","{""midterm"": 30, ""final"": 40, ""assignments"": 30}",https://uwaterloo.ca/engineering/undergraduate-studies/architectural-engineering
CHE102,Chemistry for Engineers,CHE,102,0.5,100,Course from Architectural Engineering program,"[""F"", ""W""]",,"[""general engineering""]","{""reading"": 2, ""assignments"": 3, ""projects"": 1, ""labs"": 1}","{""midterm"": 30, ""final"": 40, ""assignments"": 30}",https://uwaterloo.ca/engineering/undergraduate-studies/architectural-engineering
MATH116,Calculus 1 for Engineering,MATH,116,0.5,100,Course from Architectural Engineering program,"[""F"", ""W""]",,"[""mathematics""]","{""reading"": 2, ""assignments"": 3, ""projects"": 1, ""labs"": 1}","{""midterm"": 30, ""final"": 40, ""assignments"": 30}",https://uwaterloo.ca/engineering/undergraduate-studies/architectural-engineering
AE105,Mechanics 2,AE,105,0.5,100,Course from Architectural Engineering program,"[""F"", ""W""]",,"[""mechanics""]","{""reading"": 2, ""assignments"": 3, ""projects"": 1, ""labs"": 1}","{""midterm"": 30, ""final"": 40, ""assignments"": 30}",https://uwaterloo.ca/engineering/undergraduate-studies/architectural-engineering
AE121,Computational Methods,AE,121,0.5,100,Course from Architectural Engineering program,"[""F"", ""W""]",,"[""general engineering""]","{""reading"": 2, ""assignments"": 3, ""projects"": 1, ""labs"": 1}","{""midterm"": 30, ""final"": 40, ""assignments"": 30}",https://uwaterloo.ca/engineering/undergraduate-studies/architectural-engineering
AE123,Electrical Circuits and Instrumentation,AE,123,0.5,100,Course from Architectural Engineering program,"[""F"", ""W""]",,"[""hardware""]","{""reading"": 2, ""assignments"": 3, ""projects"": 1, ""labs"": 1}","{""midterm"": 30, ""final"": 40, ""assignments"": 30}",https://uwaterloo.ca/engineering/undergraduate-studies/architectural-engineering
AE125,Structural Design Studio,AE,125,0.5,100,Course from Architectural Engineering program,"[""F"", ""W""]",,"[""design""]","{""reading"": 2, ""assignments"": 3, ""projects"": 1, ""labs"": 1}","{""midterm"": 30, ""final"": 40, ""assignments"": 30}",https://uwaterloo.ca/engineering/undergraduate-studies/architectural-engineering
AE199,Seminar,AE,199,0.5,100,Course from Architectural Engineering program,"[""F"", ""W""]",,"[""general engineering""]","{""reading"": 2, ""assignments"": 3, ""projects"": 1, ""labs"": 1}","{""midterm"": 30, ""final"": 40, ""assignments"": 30}",https://uwaterloo.ca/engineering/undergraduate-studies/architectural-engineering
MATH118,Calculus 2 for Engineering,MATH,118,0.5,100,Course from Architectural Engineering program,"[""F"", ""W""]",,"[""mathematics""]","{""reading"": 2, ""assignments"": 3, ""projects"": 1, ""labs"": 1}","{""midterm"": 30, ""final"": 40, ""assignments"": 30}",https://uwaterloo.ca/engineering/undergraduate-studies/architectural-engineering
AE200,Enclosure Design Studio,AE,200,0.5,200,Course from Architectural Engineering program,"[""F"", ""W""]",,"[""design""]","{""reading"": 2, ""assignments"": 3, ""projects"": 1, ""labs"": 1}","{""midterm"": 30, ""final"": 40, ""assignments"": 30}",https://uwaterloo.ca/engineering/undergraduate-studies/architectural-engineering
AE204,Solid Mechanics 1,AE,204,0.5,200,Course from Architectural Engineering program,"[""F"", ""W""]",,"[""mechanics""]","{""reading"": 2, ""assignments"": 3, ""projects"": 1, ""labs"": 1}","{""midterm"": 30, ""final"": 40, ""assignments"": 30}",https://uwaterloo.ca/engineering/undergraduate-studies/architectural-engineering
AE221,Advanced Calculus,AE,221,0.5,200,Course from Architectural Engineering program,"[""F"", ""W""]",,"[""mathematics""]","{""reading"": 2, ""assignments"": 3, ""projects"": 1, ""labs"": 1}","{""midterm"": 30, ""final"": 40, ""assignments"": 30}",https://uwaterloo.ca/engineering/undergraduate-studies/architectural-engineering
AE224,Probability and Statistics,AE,224,0.5,200,Course from Architectural Engineering program,"[""F"", ""W""]",,"[""mathematics""]","{""reading"": 2, ""assignments"": 3, ""projects"": 1, ""labs"": 1}","{""midterm"": 30, ""final"": 40, ""assignments"": 30}",https://uwaterloo.ca/engineering/undergraduate-studies/architectural-engineering
AE280,Fluid Mechanics and Thermal Sciences,AE,280,0.5,200,Course from Architectural Engineering program,"[""F"", ""W""]",,"[""mechanics""]","{""reading"": 2, ""assignments"": 3, ""projects"": 1, ""labs"": 1}","{""midterm"": 30, ""final"": 40, ""assignments"": 30}",https://uwaterloo.ca/engineering/undergraduate-studies/architectural-engineering
AE298,Seminar,AE,298,0.5,200,Course from Architectural Engineering program,"[""F"", ""W""]",,"[""general engineering""]","{""reading"": 2, ""assignments"": 3, ""projects"": 1, ""labs"": 1}","{""midterm"": 30, ""final"": 40, ""assignments"": 30}",https://uwaterloo.ca/engineering/undergraduate-studies/architectural-engineering
AE205,Solid Mechanics 2,AE,205,0.5,200,Course from Architectural Engineering program,"[""F"", ""W""]",,"[""mechanics""]","{""reading"": 2, ""assignments"": 3, ""projects"": 1, ""labs"": 1}","{""midterm"": 30, ""final"": 40, ""assignments"": 30}",https://uwaterloo.ca/engineering/undergraduate-studies/architectural-engineering
AE223,Differential Equations and Balance Laws,AE,223,0.5,200,Course from Architectural Engineering program,"[""F"", ""W""]",,"[""general engineering""]","{""reading"": 2, ""assignments"": 3, ""projects"": 1, ""labs"": 1}","{""midterm"": 30, ""final"": 40, ""assignments"": 30}",https://uwaterloo.ca/engineering/undergraduate-studies/architectural-engineering
AE225,Environmental Building Systems Studio,AE,225,0.5,200,Course from Architectural Engineering program,"[""F"", ""W""]",,"[""systems"", ""environmental""]","{""reading"": 2, ""assignments"": 3, ""projects"": 1, ""labs"": 1}","{""midterm"": 30, ""final"": 40, ""assignments"": 30}",https://uwaterloo.ca/engineering/undergraduate-studies/architectural-engineering
AE265,Structure and Properties of Materials,AE,265,0.5,200,Course from Architectural Engineering program,"[""F"", ""W""]",,"[""mechanics""]","{""reading"": 2, ""assignments"": 3, ""projects"": 1, ""labs"": 1}","{""midterm"": 30, ""final"": 40, ""assignments"": 30}",https://uwaterloo.ca/engineering/undergraduate-studies/architectural-engineering
AE299,Seminar,AE,299,0.5,200,Course from Architectural Engineering program,"[""F"", ""W""]",,"[""general engineering""]","{""reading"": 2, ""assignments"": 3, ""projects"": 1, ""labs"": 1}","{""midterm"": 30, ""final"": 40, ""assignments"": 30}",https://uwaterloo.ca/engineering/undergraduate-studies/architectural-engineering
AE279,Energy and the Environment,AE,279,0.5,200,Course from Architectural Engineering program,"[""F"", ""W""]",,"[""environmental""]","{""reading"": 2, ""assignments"": 3, ""projects"": 1, ""labs"": 1}","{""midterm"": 30, ""final"": 40, ""assignments"": 30}",https://uwaterloo.ca/engineering/undergraduate-studies/architectural-engineering
AE300,Architectural Engineering Studio 1,AE,300,0.5,300,Course from Architectural Engineering program,"[""F"", ""W""]",,"[""general engineering""]","{""reading"": 2, ""assignments"": 3, ""projects"": 1, ""labs"": 1}","{""midterm"": 30, ""final"": 40, ""assignments"": 30}",https://uwaterloo.ca/engineering/undergraduate-studies/architectural-engineering
AE303,Structural Analysis,AE,303,0.5,300,Course from Architectural Engineering program,"[""F"", ""W""]",,"[""general engineering""]","{""reading"": 2, ""assignments"": 3, ""projects"": 1, ""labs"": 1}","{""midterm"": 30, ""final"": 40, ""assignments"": 30}",https://uwaterloo.ca/engineering/undergraduate-studies/architectural-engineering
AE353,Soil Mechanics and Foundations,AE,353,0.5,300,Course from Architectural Engineering program,"[""F"", ""W""]",,"[""mechanics""]","{""reading"": 2, ""assignments"": 3, ""projects"": 1, ""labs"": 1}","{""midterm"": 30, ""final"": 40, ""assignments"": 30}",https://uwaterloo.ca/engineering/undergraduate-studies/architectural-engineering
AE377,Structural Timber Design,AE,377,0.5,300,Course from Architectural Engineering program,"[""F"", ""W""]",,"[""design""]","{""reading"": 2, ""assignments"": 3, ""projects"": 1, ""labs"": 1}","{""midterm"": 30, ""final"": 40, ""assignments"": 30}",https://uwaterloo.ca/engineering/undergraduate-studies/architectural-engineering
AE398,Seminar,AE,398,0.5,300,Course from Architectural Engineering program,"[""F"", ""W""]",,"[""general engineering""]","{""reading"": 2, ""assignments"": 3, ""projects"": 1, ""labs"": 1}","{""midterm"": 30, ""final"": 40, ""assignments"": 30}",https://uwaterloo.ca/engineering/undergraduate-studies/architectural-engineering
AE310,Introduction to Structural Design,AE,310,0.5,300,Course from Architectural Engineering program,"[""F"", ""W""]",,"[""design""]","{""reading"": 2, ""assignments"": 3, ""projects"": 1, ""labs"": 1}","{""midterm"": 30, ""final"": 40, ""assignments"": 30}",https://uwaterloo.ca/engineering/undergraduate-studies/architectural-engineering
AE325,Architectural Engineering Studio 2,AE,325,0.5,300,Course from Architectural Engineering program,"[""F"", ""W""]",,"[""general engineering""]","{""reading"": 2, ""assignments"": 3, ""projects"": 1, ""labs"": 1}","{""midterm"": 30, ""final"": 40, ""assignments"": 30}",https://uwaterloo.ca/engineering/undergraduate-studies/architectural-engineering
AE,AE/CIVE/ENVE/GEOE 392 - Economics and Life Cycle Cost Analysis,UNKNOWN,000,0.5,200,Course from Architectural Engineering program,"[""F"", ""W""]",,"[""general engineering""]","{""reading"": 2, ""assignments"": 3, ""projects"": 1, ""labs"": 1}","{""midterm"": 30, ""final"": 40, ""assignments"": 30}",https://uwaterloo.ca/engineering/undergraduate-studies/architectural-engineering
AE399,Seminar,AE,399,0.5,300,Course from Architectural Engineering program,"[""F"", ""W""]",,"[""general engineering""]","{""reading"": 2, ""assignments"": 3, ""projects"": 1, ""labs"": 1}","{""midterm"": 30, ""final"": 40, ""assignments"": 30}",https://uwaterloo.ca/engineering/undergraduate-studies/architectural-engineering
CIVE507,Building Science and Technology,CIVE,507,0.5,400,Course from Architectural Engineering program,"[""F"", ""W""]",,"[""general engineering""]","{""reading"": 2, ""assignments"": 3, ""projects"": 1, ""labs"": 1}","{""midterm"": 30, ""final"": 40, ""assignments"": 30}",https://uwaterloo.ca/engineering/undergraduate-studies/architectural-engineering
AE400,Project Studio 1,AE,400,0.5,400,Course from Architectural Engineering program,"[""F"", ""W""]",,"[""design""]","{""reading"": 2, ""assignments"": 3, ""projects"": 1, ""labs"": 1}","{""midterm"": 30, ""final"": 40, ""assignments"": 30}",https://uwaterloo.ca/engineering/undergraduate-studies/architectural-engineering
AE491,Engineering Law and Ethics,AE,491,0.5,400,Course from Architectural Engineering program,"[""F"", ""W""]",,"[""general engineering""]","{""reading"": 2, ""assignments"": 3, ""projects"": 1, ""labs"": 1}","{""midterm"": 30, ""final"": 40, ""assignments"": 30}",https://uwaterloo.ca/engineering/undergraduate-studies/architectural-engineering
AE498,Seminar,AE,498,0.5,400,Course from Architectural Engineering program,"[""F"", ""W""]",,"[""general engineering""]","{""reading"": 2, ""assignments"": 3, ""projects"": 1, ""labs"": 1}","{""midterm"": 30, ""final"": 40, ""assignments"": 30}",https://uwaterloo.ca/engineering/undergraduate-studies/architectural-engineering
Three Approved Electives,Three Approved Electives,UNKNOWN,000,0.5,200,Course from Architectural Engineering program,"[""F"", ""W""]",,"[""general engineering""]","{""reading"": 2, ""assignments"": 3, ""projects"": 1, ""labs"": 1}","{""midterm"": 30, ""final"": 40, ""assignments"": 30}",https://uwaterloo.ca/engineering/undergraduate-studies/architectural-engineering
AE425,Project Studio 2,AE,425,0.5,400,Course from Architectural Engineering program,"[""F"", ""W""]",,"[""design""]","{""reading"": 2, ""assignments"": 3, ""projects"": 1, ""labs"": 1}","{""midterm"": 30, ""final"": 40, ""assignments"": 30}",https://uwaterloo.ca/engineering/undergraduate-studies/architectural-engineering
AE499,Seminar,AE,499,0.5,400,Course from Architectural Engineering program,"[""F"", ""W""]",,"[""general engineering""]","{""reading"": 2, ""assignments"": 3, ""projects"": 1, ""labs"": 1}","{""midterm"": 30, ""final"": 40, ""assignments"": 30}",https://uwaterloo.ca/engineering/undergraduate-studies/architectural-engineering
Five Approved Electives,Five Approved Electives,UNKNOWN,000,0.5,200,Course from Architectural Engineering program,"[""F"", ""W""]",,"[""general engineering""]","{""reading"": 2, ""assignments"": 3, ""projects"": 1, ""labs"": 1}","{""midterm"": 30, ""final"": 40, ""assignments"": 30}",https://uwaterloo.ca/engineering/undergraduate-studies/architectural-engineering
CIVE104,Mechanics 1,CIVE,104,0.5,100,Course from Civil Engineering program,"[""F"", ""W""]",,"[""mechanics""]","{""reading"": 2, ""assignments"": 3, ""projects"": 1, ""labs"": 1}","{""midterm"": 30, ""final"": 40, ""assignments"": 30}",https://uwaterloo.ca/engineering/undergraduate-studies/civil-engineering
CIVE115,Linear Algebra,CIVE,115,0.5,100,Course from Civil Engineering program,"[""F"", ""W""]",,"[""general engineering""]","{""reading"": 2, ""assignments"": 3, ""projects"": 1, ""labs"": 1}","{""midterm"": 30, ""final"": 40, ""assignments"": 30}",https://uwaterloo.ca/engineering/undergraduate-studies/civil-engineering
CIVE105,Mechanics 2,CIVE,105,0.5,100,Course from Civil Engineering program,"[""F"", ""W""]",,"[""mechanics""]","{""reading"": 2, ""assignments"": 3, ""projects"": 1, ""labs"": 1}","{""midterm"": 30, ""final"": 40, ""assignments"": 30}",https://uwaterloo.ca/engineering/undergraduate-studies/civil-engineering
CIVE121,Computational Methods,CIVE,121,0.5,100,Course from Civil Engineering program,"[""F"", ""W""]",,"[""general engineering""]","{""reading"": 2, ""assignments"": 3, ""projects"": 1, ""labs"": 1}","{""midterm"": 30, ""final"": 40, ""assignments"": 30}",https://uwaterloo.ca/engineering/undergraduate-studies/civil-engineering
CIVE153,Earth Engineering,CIVE,153,0.5,100,Course from Civil Engineering program,"[""F"", ""W""]",,"[""general engineering""]","{""reading"": 2, ""assignments"": 3, ""projects"": 1, ""labs"": 1}","{""midterm"": 30, ""final"": 40, ""assignments"": 30}",https://uwaterloo.ca/engineering/undergraduate-studies/civil-engineering
CIVE205,Fluid Mechanics,CIVE,205,0.5,200,Course from Civil Engineering program,"[""F"", ""W""]",,"[""mechanics""]","{""reading"": 2, ""assignments"": 3, ""projects"": 1, ""labs"": 1}","{""midterm"": 30, ""final"": 40, ""assignments"": 30}",https://uwaterloo.ca/engineering/undergraduate-studies/civil-engineering
CIVE224,Probability and Statistics,CIVE,224,0.5,200,Course from Civil Engineering program,"[""F"", ""W""]",,"[""mathematics""]","{""reading"": 2, ""assignments"": 3, ""projects"": 1, ""labs"": 1}","{""midterm"": 30, ""final"": 40, ""assignments"": 30}",https://uwaterloo.ca/engineering/undergraduate-studies/civil-engineering
CIVE230,Engineering and Sustainable Development,CIVE,230,0.5,200,Course from Civil Engineering program,"[""F"", ""W""]",,"[""machine learning"", ""software""]","{""reading"": 2, ""assignments"": 3, ""projects"": 1, ""labs"": 1}","{""midterm"": 30, ""final"": 40, ""assignments"": 30}",https://uwaterloo.ca/engineering/undergraduate-studies/civil-engineering
CIVE253,Material Science,CIVE,253,0.5,200,Course from Civil Engineering program,"[""F"", ""W""]",,"[""general engineering""]","{""reading"": 2, ""assignments"": 3, ""projects"": 1, ""labs"": 1}","{""midterm"": 30, ""final"": 40, ""assignments"": 30}",https://uwaterloo.ca/engineering/undergraduate-studies/civil-engineering
MATH218,Differential Equations for Engineers,MATH,218,0.5,200,Course from Civil Engineering program,"[""F"", ""W""]",,"[""general engineering""]","{""reading"": 2, ""assignments"": 3, ""projects"": 1, ""labs"": 1}","{""midterm"": 30, ""final"": 40, ""assignments"": 30}",https://uwaterloo.ca/engineering/undergraduate-studies/civil-engineering
CIVE204,Structural Analysis,CIVE,204,0.5,200,Course from Civil Engineering program,"[""F"", ""W""]",,"[""general engineering""]","{""reading"": 2, ""assignments"": 3, ""projects"": 1, ""labs"": 1}","{""midterm"": 30, ""final"": 40, ""assignments"": 30}",https://uwaterloo.ca/engineering/undergraduate-studies/civil-engineering
CIVE222,Differential Equations,CIVE,222,0.5,200,Course from Civil Engineering program,"[""F"", ""W""]",,"[""general engineering""]","{""reading"": 2, ""assignments"": 3, ""projects"": 1, ""labs"": 1}","{""midterm"": 30, ""final"": 40, ""assignments"": 30}",https://uwaterloo.ca/engineering/undergraduate-studies/civil-engineering
CIVE280,Introduction to Environmental Engineering,CIVE,280,0.5,200,Course from Civil Engineering program,"[""F"", ""W""]",,"[""environmental""]","{""reading"": 2, ""assignments"": 3, ""projects"": 1, ""labs"": 1}","{""midterm"": 30, ""final"": 40, ""assignments"": 30}",https://uwaterloo.ca/engineering/undergraduate-studies/civil-engineering
CIVE299,Cooperative Work-term Report,CIVE,299,0.5,200,Course from Civil Engineering program,"[""F"", ""W""]",,"[""general engineering""]","{""reading"": 2, ""assignments"": 3, ""projects"": 1, ""labs"": 1}","{""midterm"": 30, ""final"": 40, ""assignments"": 30}",https://uwaterloo.ca/engineering/undergraduate-studies/civil-engineering
EARTH123,Introductory Geology,EARTH,123,0.5,100,Course from Civil Engineering program,"[""F"", ""W""]",,"[""general engineering""]","{""reading"": 2, ""assignments"": 3, ""projects"": 1, ""labs"": 1}","{""midterm"": 30, ""final"": 40, ""assignments"": 30}",https://uwaterloo.ca/engineering/undergraduate-studies/civil-engineering
CIVE335,Soil Mechanics,CIVE,335,0.5,300,Course from Civil Engineering program,"[""F"", ""W""]",,"[""mechanics""]","{""reading"": 2, ""assignments"": 3, ""projects"": 1, ""labs"": 1}","{""midterm"": 30, ""final"": 40, ""assignments"": 30}",https://uwaterloo.ca/engineering/undergraduate-studies/civil-engineering
CIVE353,Mechanics of Deformable Solids,CIVE,353,0.5,300,Course from Civil Engineering program,"[""F"", ""W""]",,"[""mechanics""]","{""reading"": 2, ""assignments"": 3, ""projects"": 1, ""labs"": 1}","{""midterm"": 30, ""final"": 40, ""assignments"": 30}",https://uwaterloo.ca/engineering/undergraduate-studies/civil-engineering
CIVE358,Hydrology and Open Channel Flow,CIVE,358,0.5,300,Course from Civil Engineering program,"[""F"", ""W""]",,"[""general engineering""]","{""reading"": 2, ""assignments"": 3, ""projects"": 1, ""labs"": 1}","{""midterm"": 30, ""final"": 40, ""assignments"": 30}",https://uwaterloo.ca/engineering/undergraduate-studies/civil-engineering
CIVE375,Environmental Engineering Principles,CIVE,375,0.5,300,Course from Civil Engineering program,"[""F"", ""W""]",,"[""environmental""]","{""reading"": 2, ""assignments"": 3, ""projects"": 1, ""labs"": 1}","{""midterm"": 30, ""final"": 40, ""assignments"": 30}",https://uwaterloo.ca/engineering/undergraduate-studies/civil-engineering
CIVE332,Construction Management,CIVE,332,0.5,300,Course from Civil Engineering program,"[""F"", ""W""]",,"[""general engineering""]","{""reading"": 2, ""assignments"": 3, ""projects"": 1, ""labs"": 1}","{""midterm"": 30, ""final"": 40, ""assignments"": 30}",https://uwaterloo.ca/engineering/undergraduate-studies/civil-engineering
CIVE333,Structural Steel Design,CIVE,333,0.5,300,Course from Civil Engineering program,"[""F"", ""W""]",,"[""design""]","{""reading"": 2, ""assignments"": 3, ""projects"": 1, ""labs"": 1}","{""midterm"": 30, ""final"": 40, ""assignments"": 30}",https://uwaterloo.ca/engineering/undergraduate-studies/civil-engineering
CIVE340,Transportation Engineering,CIVE,340,0.5,300,Course from Civil Engineering program,"[""F"", ""W""]",,"[""general engineering""]","{""reading"": 2, ""assignments"": 3, ""projects"": 1, ""labs"": 1}","{""midterm"": 30, ""final"": 40, ""assignments"": 30}",https://uwaterloo.ca/engineering/undergraduate-studies/civil-engineering
CIVE343,Traffic Simulation Modelling and Applications (or approved technical elective),CIVE,343,0.5,300,Course from Civil Engineering program,"[""F"", ""W""]",,"[""general engineering""]","{""reading"": 2, ""assignments"": 3, ""projects"": 1, ""labs"": 1}","{""midterm"": 30, ""final"": 40, ""assignments"": 30}",https://uwaterloo.ca/engineering/undergraduate-studies/civil-engineering
CIVE414,Structural Concrete Design,CIVE,414,0.5,400,Course from Civil Engineering program,"[""F"", ""W""]",,"[""design""]","{""reading"": 2, ""assignments"": 3, ""projects"": 1, ""labs"": 1}","{""midterm"": 30, ""final"": 40, ""assignments"": 30}",https://uwaterloo.ca/engineering/undergraduate-studies/civil-engineering
CIVE415,Structural System Design,CIVE,415,0.5,400,Course from Civil Engineering program,"[""F"", ""W""]",,"[""design"", ""systems""]","{""reading"": 2, ""assignments"": 3, ""projects"": 1, ""labs"": 1}","{""midterm"": 30, ""final"": 40, ""assignments"": 30}",https://uwaterloo.ca/engineering/undergraduate-studies/civil-engineering
CIVE419,Civil Engineering Project 1,CIVE,419,0.5,400,Course from Civil Engineering program,"[""F"", ""W""]",,"[""design""]","{""reading"": 2, ""assignments"": 3, ""projects"": 1, ""labs"": 1}","{""midterm"": 30, ""final"": 40, ""assignments"": 30}",https://uwaterloo.ca/engineering/undergraduate-studies/civil-engineering
Two Technical Electives,Two Technical Electives,UNKNOWN,000,0.5,200,Course from Civil Engineering program,"[""F"", ""W""]",,"[""general engineering""]","{""reading"": 2, ""assignments"": 3, ""projects"": 1, ""labs"": 1}","{""midterm"": 30, ""final"": 40, ""assignments"": 30}",https://uwaterloo.ca/engineering/undergraduate-studies/civil-engineering
CIVE420,Civil Engineering Project 2,CIVE,420,0.5,400,Course from Civil Engineering program,"[""F"", ""W""]",,"[""design""]","{""reading"": 2, ""assignments"": 3, ""projects"": 1, ""labs"": 1}","{""midterm"": 30, ""final"": 40, ""assignments"": 30}",https://uwaterloo.ca/engineering/undergraduate-studies/civil-engineering
CIVE461,Water Resources Engineering,CIVE,461,0.5,400,Course from Civil Engineering program,"[""F"", ""W""]",,"[""general engineering""]","{""reading"": 2, ""assignments"": 3, ""projects"": 1, ""labs"": 1}","{""midterm"": 30, ""final"": 40, ""assignments"": 30}",https://uwaterloo.ca/engineering/undergraduate-studies/civil-engineering
ENVE100,Environmental and Geological Engineering Concepts,ENVE,100,0.5,100,Course from Environmental Engineering program,"[""F"", ""W""]",,"[""environmental""]","{""reading"": 2, ""assignments"": 3, ""projects"": 1, ""labs"": 1}","{""midterm"": 30, ""final"": 40, ""assignments"": 30}",https://uwaterloo.ca/engineering/undergraduate-studies/environmental-engineering
ENVE115,Linear Algebra,ENVE,115,0.5,100,Course from Environmental Engineering program,"[""F"", ""W""]",,"[""general engineering""]","{""reading"": 2, ""assignments"": 3, ""projects"": 1, ""labs"": 1}","{""midterm"": 30, ""final"": 40, ""assignments"": 30}",https://uwaterloo.ca/engineering/undergraduate-studies/environmental-engineering
ENVE121,Computational Methods,ENVE,121,0.5,100,Course from Environmental Engineering program,"[""F"", ""W""]",,"[""general engineering""]","{""reading"": 2, ""assignments"": 3, ""projects"": 1, ""labs"": 1}","{""midterm"": 30, ""final"": 40, ""assignments"": 30}",https://uwaterloo.ca/engineering/undergraduate-studies/environmental-engineering
PHYS122,"Waves, Electricity and Magnetism",PHYS,122,0.5,100,Course from Environmental Engineering program,"[""F"", ""W""]",,"[""general engineering""]","{""reading"": 2, ""assignments"": 3, ""projects"": 1, ""labs"": 1}","{""midterm"": 30, ""final"": 40, ""assignments"": 30}",https://uwaterloo.ca/engineering/undergraduate-studies/environmental-engineering
ENVE223,Differential Equations and Balance Laws,ENVE,223,0.5,200,Course from Environmental Engineering program,"[""F"", ""W""]",,"[""general engineering""]","{""reading"": 2, ""assignments"": 3, ""projects"": 1, ""labs"": 1}","{""midterm"": 30, ""final"": 40, ""assignments"": 30}",https://uwaterloo.ca/engineering/undergraduate-studies/environmental-engineering
ENVE275,Aquatic Chemistry,ENVE,275,0.5,200,Course from Environmental Engineering program,"[""F"", ""W""]",,"[""general engineering""]","{""reading"": 2, ""assignments"": 3, ""projects"": 1, ""labs"": 1}","{""midterm"": 30, ""final"": 40, ""assignments"": 30}",https://uwaterloo.ca/engineering/undergraduate-studies/environmental-engineering
ME201,Kinematics and Dynamics (or equivalent per current calendar),ME,201,0.5,200,Course from Environmental Engineering program,"[""F"", ""W""]",,"[""mechanics""]","{""reading"": 2, ""assignments"": 3, ""projects"": 1, ""labs"": 1}","{""midterm"": 30, ""final"": 40, ""assignments"": 30}",https://uwaterloo.ca/engineering/undergraduate-studies/environmental-engineering
ENVE280,Environmental Engineering Principles,ENVE,280,0.5,200,Course from Environmental Engineering program,"[""F"", ""W""]",,"[""environmental""]","{""reading"": 2, ""assignments"": 3, ""projects"": 1, ""labs"": 1}","{""midterm"": 30, ""final"": 40, ""assignments"": 30}",https://uwaterloo.ca/engineering/undergraduate-studies/environmental-engineering
ENVE335,Decision Making for Environmental Engineers,ENVE,335,0.5,300,Course from Environmental Engineering program,"[""F"", ""W""]",,"[""environmental""]","{""reading"": 2, ""assignments"": 3, ""projects"": 1, ""labs"": 1}","{""midterm"": 30, ""final"": 40, ""assignments"": 30}",https://uwaterloo.ca/engineering/undergraduate-studies/environmental-engineering
ENVE375,Physico-Chemical Processes,ENVE,375,0.5,300,Course from Environmental Engineering program,"[""F"", ""W""]",,"[""general engineering""]","{""reading"": 2, ""assignments"": 3, ""projects"": 1, ""labs"": 1}","{""midterm"": 30, ""final"": 40, ""assignments"": 30}",https://uwaterloo.ca/engineering/undergraduate-studies/environmental-engineering
ENVE376,Biological Processes,ENVE,376,0.5,300,Course from Environmental Engineering program,"[""F"", ""W""]",,"[""biomedical""]","{""reading"": 2, ""assignments"": 3, ""projects"": 1, ""labs"": 1}","{""midterm"": 30, ""final"": 40, ""assignments"": 30}",https://uwaterloo.ca/engineering/undergraduate-studies/environmental-engineering
ENVE377,Engineering for Solid Waste Management,ENVE,377,0.5,300,Course from Environmental Engineering program,"[""F"", ""W""]",,"[""general engineering""]","{""reading"": 2, ""assignments"": 3, ""projects"": 1, ""labs"": 1}","{""midterm"": 30, ""final"": 40, ""assignments"": 30}",https://uwaterloo.ca/engineering/undergraduate-studies/environmental-engineering
ENVE391,Law and Ethics for Environmental and Geological Engineers,ENVE,391,0.5,300,Course from Environmental Engineering program,"[""F"", ""W""]",,"[""environmental""]","{""reading"": 2, ""assignments"": 3, ""projects"": 1, ""labs"": 1}","{""midterm"": 30, ""final"": 40, ""assignments"": 30}",https://uwaterloo.ca/engineering/undergraduate-studies/environmental-engineering
ENVE392,Economics and Life Cycle Cost Analysis,ENVE,392,0.5,300,Course from Environmental Engineering program,"[""F"", ""W""]",,"[""general engineering""]","{""reading"": 2, ""assignments"": 3, ""projects"": 1, ""labs"": 1}","{""midterm"": 30, ""final"": 40, ""assignments"": 30}",https://uwaterloo.ca/engineering/undergraduate-studies/environmental-engineering
ENVE577,Engineering for Solid Waste Management (if not taken earlier) or TE,ENVE,577,0.5,400,Course from Environmental Engineering program,"[""F"", ""W""]",,"[""general engineering""]","{""reading"": 2, ""assignments"": 3, ""projects"": 1, ""labs"": 1}","{""midterm"": 30, ""final"": 40, ""assignments"": 30}",https://uwaterloo.ca/engineering/undergraduate-studies/environmental-engineering
Technical Elective,Technical Elective,UNKNOWN,000,0.5,200,Course from Environmental Engineering program,"[""F"", ""W""]",,"[""general engineering""]","{""reading"": 2, ""assignments"": 3, ""projects"": 1, ""labs"": 1}","{""midterm"": 30, ""final"": 40, ""assignments"": 30}",https://uwaterloo.ca/engineering/undergraduate-studies/environmental-engineering
ENVE400,Environmental Engineering Design Project 1,ENVE,400,0.5,400,Course from Environmental Engineering program,"[""F"", ""W""]",,"[""design"", ""environmental""]","{""reading"": 2, ""assignments"": 3, ""projects"": 1, ""labs"": 1}","{""midterm"": 30, ""final"": 40, ""assignments"": 30}",https://uwaterloo.ca/engineering/undergraduate-studies/environmental-engineering
Complementary Studies Elective,Complementary Studies Elective,UNKNOWN,000,0.5,200,Course from Environmental Engineering program,"[""F"", ""W""]",,"[""general engineering""]","{""reading"": 2, ""assignments"": 3, ""projects"": 1, ""labs"": 1}","{""midterm"": 30, ""final"": 40, ""assignments"": 30}",https://uwaterloo.ca/engineering/undergraduate-studies/environmental-engineering
ENVE401,Environmental Engineering Design Project 2,ENVE,401,0.5,400,Course from Environmental Engineering program,"[""F"", ""W""]",,"[""design"", ""environmental""]","{""reading"": 2, ""assignments"": 3, ""projects"": 1, ""labs"": 1}","{""midterm"": 30, ""final"": 40, ""assignments"": 30}",https://uwaterloo.ca/engineering/undergraduate-studies/environmental-engineering
GEOE100,Environmental and Geological Engineering Concepts,GEOE,100,0.5,100,Course from Geological Engineering program,"[""F"", ""W""]",,"[""environmental""]","{""reading"": 2, ""assignments"": 3, ""projects"": 1, ""labs"": 1}","{""midterm"": 30, ""final"": 40, ""assignments"": 30}",https://uwaterloo.ca/engineering/undergraduate-studies/geological-engineering
GEOE221,Earth Materials 1,GEOE,221,0.5,200,Course from Geological Engineering program,"[""F"", ""W""]",,"[""mechanics""]","{""reading"": 2, ""assignments"": 3, ""projects"": 1, ""labs"": 1}","{""midterm"": 30, ""final"": 40, ""assignments"": 30}",https://uwaterloo.ca/engineering/undergraduate-studies/geological-engineering
GEOE223,Differential Equations and Balance Laws,GEOE,223,0.5,200,Course from Geological Engineering program,"[""F"", ""W""]",,"[""general engineering""]","{""reading"": 2, ""assignments"": 3, ""projects"": 1, ""labs"": 1}","{""midterm"": 30, ""final"": 40, ""assignments"": 30}",https://uwaterloo.ca/engineering/undergraduate-studies/geological-engineering
GEOE261,Introductory Applied Geophysics,GEOE,261,0.5,200,Course from Geological Engineering program,"[""F"", ""W""]",,"[""general engineering""]","{""reading"": 2, ""assignments"": 3, ""projects"": 1, ""labs"": 1}","{""midterm"": 30, ""final"": 40, ""assignments"": 30}",https://uwaterloo.ca/engineering/undergraduate-studies/geological-engineering
GEOE283,Geological Engineering Field Methods,GEOE,283,0.5,200,Course from Geological Engineering program,"[""F"", ""W""]",,"[""general engineering""]","{""reading"": 2, ""assignments"": 3, ""projects"": 1, ""labs"": 1}","{""midterm"": 30, ""final"": 40, ""assignments"": 30}",https://uwaterloo.ca/engineering/undergraduate-studies/geological-engineering
GEOE287,Geological Engineering and Society,GEOE,287,0.5,200,Course from Geological Engineering program,"[""F"", ""W""]",,"[""general engineering""]","{""reading"": 2, ""assignments"": 3, ""projects"": 1, ""labs"": 1}","{""midterm"": 30, ""final"": 40, ""assignments"": 30}",https://uwaterloo.ca/engineering/undergraduate-studies/geological-engineering
GEOE295,Field Course,GEOE,295,0.5,200,Course from Geological Engineering program,"[""F"", ""W""]",,"[""general engineering""]","{""reading"": 2, ""assignments"": 3, ""projects"": 1, ""labs"": 1}","{""midterm"": 30, ""final"": 40, ""assignments"": 30}",https://uwaterloo.ca/engineering/undergraduate-studies/geological-engineering
GEOE331,Structural Geology,GEOE,331,0.5,300,Course from Geological Engineering program,"[""F"", ""W""]",,"[""general engineering""]","{""reading"": 2, ""assignments"": 3, ""projects"": 1, ""labs"": 1}","{""midterm"": 30, ""final"": 40, ""assignments"": 30}",https://uwaterloo.ca/engineering/undergraduate-studies/geological-engineering
GEOE333,Sedimentology and Stratigraphy,GEOE,333,0.5,300,Course from Geological Engineering program,"[""F"", ""W""]",,"[""general engineering""]","{""reading"": 2, ""assignments"": 3, ""projects"": 1, ""labs"": 1}","{""midterm"": 30, ""final"": 40, ""assignments"": 30}",https://uwaterloo.ca/engineering/undergraduate-studies/geological-engineering
GEOE353,Rock Mechanics,GEOE,353,0.5,300,Course from Geological Engineering program,"[""F"", ""W""]",,"[""mechanics""]","{""reading"": 2, ""assignments"": 3, ""projects"": 1, ""labs"": 1}","{""midterm"": 30, ""final"": 40, ""assignments"": 30}",https://uwaterloo.ca/engineering/undergraduate-studies/geological-engineering
GEOE375,Hydrogeology,GEOE,375,0.5,300,Course from Geological Engineering program,"[""F"", ""W""]",,"[""general engineering""]","{""reading"": 2, ""assignments"": 3, ""projects"": 1, ""labs"": 1}","{""midterm"": 30, ""final"": 40, ""assignments"": 30}",https://uwaterloo.ca/engineering/undergraduate-studies/geological-engineering
GEOE401,Geological Engineering Design Project 1,GEOE,401,0.5,400,Course from Geological Engineering program,"[""F"", ""W""]",,"[""design""]","{""reading"": 2, ""assignments"": 3, ""projects"": 1, ""labs"": 1}","{""midterm"": 30, ""final"": 40, ""assignments"": 30}",https://uwaterloo.ca/engineering/undergraduate-studies/geological-engineering
GEOE421,Engineering Geology,GEOE,421,0.5,400,Course from Geological Engineering program,"[""F"", ""W""]",,"[""general engineering""]","{""reading"": 2, ""assignments"": 3, ""projects"": 1, ""labs"": 1}","{""midterm"": 30, ""final"": 40, ""assignments"": 30}",https://uwaterloo.ca/engineering/undergraduate-studies/geological-engineering
GEOE459,Chemical Hydrogeology (or EARTH 459),GEOE,459,0.5,400,Course from Geological Engineering program,"[""F"", ""W""]",,"[""general engineering""]","{""reading"": 2, ""assignments"": 3, ""projects"": 1, ""labs"": 1}","{""midterm"": 30, ""final"": 40, ""assignments"": 30}",https://uwaterloo.ca/engineering/undergraduate-studies/geological-engineering
GEOE402,Geological Engineering Design Project 2,GEOE,402,0.5,400,Course from Geological Engineering program,"[""F"", ""W""]",,"[""design""]","{""reading"": 2, ""assignments"": 3, ""projects"": 1, ""labs"": 1}","{""midterm"": 30, ""final"": 40, ""assignments"": 30}",https://uwaterloo.ca/engineering/undergraduate-studies/geological-engineering
GEOE456,Numerical Methods in Hydrogeology,GEOE,456,0.5,400,Course from Geological Engineering program,"[""F"", ""W""]",,"[""general engineering""]","{""reading"": 2, ""assignments"": 3, ""projects"": 1, ""labs"": 1}","{""midterm"": 30, ""final"": 40, ""assignments"": 30}",https://uwaterloo.ca/engineering/undergraduate-studies/geological-engineering
GEOE458,Physical Hydrogeology,GEOE,458,0.5,400,Course from Geological Engineering program,"[""F"", ""W""]",,"[""general engineering""]","{""reading"": 2, ""assignments"": 3, ""projects"": 1, ""labs"": 1}","{""midterm"": 30, ""final"": 40, ""assignments"": 30}",https://uwaterloo.ca/engineering/undergraduate-studies/geological-engineering
GEOE471,Mineral Deposits,GEOE,471,0.5,400,Course from Geological Engineering program,"[""F"", ""W""]",,"[""general engineering""]","{""reading"": 2, ""assignments"": 3, ""projects"": 1, ""labs"": 1}","{""midterm"": 30, ""final"": 40, ""assignments"": 30}",https://uwaterloo.ca/engineering/undergraduate-studies/geological-engineering
ECE105,Classical Mechanics,ECE,105,0.5,100,Course from Computer Engineering program,"[""F"", ""W""]",,"[""mechanics""]","{""reading"": 2, ""assignments"": 3, ""projects"": 1, ""labs"": 1}","{""midterm"": 30, ""final"": 40, ""assignments"": 30}",https://uwaterloo.ca/engineering/undergraduate-studies/computer-engineering
ECE150,Fundamentals of Programming,ECE,150,0.5,100,Course from Computer Engineering program,"[""F"", ""W""]",,"[""software""]","{""reading"": 2, ""assignments"": 3, ""projects"": 1, ""labs"": 1}","{""midterm"": 30, ""final"": 40, ""assignments"": 30}",https://uwaterloo.ca/engineering/undergraduate-studies/computer-engineering
MATH115,Linear Algebra for Engineering,MATH,115,0.5,100,Course from Computer Engineering program,"[""F"", ""W""]",,"[""general engineering""]","{""reading"": 2, ""assignments"": 3, ""projects"": 1, ""labs"": 1}","{""midterm"": 30, ""final"": 40, ""assignments"": 30}",https://uwaterloo.ca/engineering/undergraduate-studies/computer-engineering
MATH117,Calculus 1 for Engineering,MATH,117,0.5,100,Course from Computer Engineering program,"[""F"", ""W""]",,"[""mathematics""]","{""reading"": 2, ""assignments"": 3, ""projects"": 1, ""labs"": 1}","{""midterm"": 30, ""final"": 40, ""assignments"": 30}",https://uwaterloo.ca/engineering/undergraduate-studies/computer-engineering
ECE106,Electricity and Magnetism,ECE,106,0.5,100,Course from Computer Engineering program,"[""F"", ""W""]",,"[""general engineering""]","{""reading"": 2, ""assignments"": 3, ""projects"": 1, ""labs"": 1}","{""midterm"": 30, ""final"": 40, ""assignments"": 30}",https://uwaterloo.ca/engineering/undergraduate-studies/computer-engineering
ECE124,Digital Circuits and Systems,ECE,124,0.5,100,Course from Computer Engineering program,"[""F"", ""W""]",,"[""hardware"", ""systems""]","{""reading"": 2, ""assignments"": 3, ""projects"": 1, ""labs"": 1}","{""midterm"": 30, ""final"": 40, ""assignments"": 30}",https://uwaterloo.ca/engineering/undergraduate-studies/computer-engineering
MATH119,Calculus 2 for Engineering,MATH,119,0.5,100,Course from Computer Engineering program,"[""F"", ""W""]",,"[""mathematics""]","{""reading"": 2, ""assignments"": 3, ""projects"": 1, ""labs"": 1}","{""midterm"": 30, ""final"": 40, ""assignments"": 30}",https://uwaterloo.ca/engineering/undergraduate-studies/computer-engineering
SE102,Seminar (Software Engineering),SE,102,0.5,100,Course from Computer Engineering program,"[""F"", ""W""]",,"[""software""]","{""reading"": 2, ""assignments"": 3, ""projects"": 1, ""labs"": 1}","{""midterm"": 30, ""final"": 40, ""assignments"": 30}",https://uwaterloo.ca/engineering/undergraduate-studies/computer-engineering
One of: CS 136/138/146 or ECE 250 (Algorithms/Data Structures),One of: CS 136/138/146 or ECE 250 (Algorithms/Data Structures),UNKNOWN,000,0.5,100,Course from Computer Engineering program,"[""F"", ""W""]",,"[""data""]","{""reading"": 2, ""assignments"": 3, ""projects"": 1, ""labs"": 1}","{""midterm"": 30, ""final"": 40, ""assignments"": 30}",https://uwaterloo.ca/engineering/undergraduate-studies/computer-engineering
ECE140,Linear Circuits,ECE,140,0.5,100,Course from Computer Engineering program,"[""F"", ""W""]",,"[""hardware""]","{""reading"": 2, ""assignments"": 3, ""projects"": 1, ""labs"": 1}","{""midterm"": 30, ""final"": 40, ""assignments"": 30}",https://uwaterloo.ca/engineering/undergraduate-studies/computer-engineering
ECE222,Digital Computers,ECE,222,0.5,200,Course from Computer Engineering program,"[""F"", ""W""]",,"[""hardware""]","{""reading"": 2, ""assignments"": 3, ""projects"": 1, ""labs"": 1}","{""midterm"": 30, ""final"": 40, ""assignments"": 30}",https://uwaterloo.ca/engineering/undergraduate-studies/computer-engineering
MATH213,"Signals, Systems, and Differential Equations",MATH,213,0.5,200,Course from Computer Engineering program,"[""F"", ""W""]",,"[""systems""]","{""reading"": 2, ""assignments"": 3, ""projects"": 1, ""labs"": 1}","{""midterm"": 30, ""final"": 40, ""assignments"": 30}",https://uwaterloo.ca/engineering/undergraduate-studies/computer-engineering
STAT206,Statistics,STAT,206,0.5,200,Course from Computer Engineering program,"[""F"", ""W""]",,"[""mathematics""]","{""reading"": 2, ""assignments"": 3, ""projects"": 1, ""labs"": 1}","{""midterm"": 30, ""final"": 40, ""assignments"": 30}",https://uwaterloo.ca/engineering/undergraduate-studies/computer-engineering
CS241,Foundations of Sequential Programs (or CS 240/SE equivalent),CS,241,0.5,200,Course from Computer Engineering program,"[""F"", ""W""]",,"[""general engineering""]","{""reading"": 2, ""assignments"": 3, ""projects"": 1, ""labs"": 1}","{""midterm"": 30, ""final"": 40, ""assignments"": 30}",https://uwaterloo.ca/engineering/undergraduate-studies/computer-engineering
ECE252,Systems Programming and Concurrency,ECE,252,0.5,200,Course from Computer Engineering program,"[""F"", ""W""]",,"[""software"", ""systems""]","{""reading"": 2, ""assignments"": 3, ""projects"": 1, ""labs"": 1}","{""midterm"": 30, ""final"": 40, ""assignments"": 30}",https://uwaterloo.ca/engineering/undergraduate-studies/computer-engineering
ECE350,Real-Time Operating Systems,ECE,350,0.5,300,Course from Computer Engineering program,"[""F"", ""W""]",,"[""systems""]","{""reading"": 2, ""assignments"": 3, ""projects"": 1, ""labs"": 1}","{""midterm"": 30, ""final"": 40, ""assignments"": 30}",https://uwaterloo.ca/engineering/undergraduate-studies/computer-engineering
ECE356,Database Systems,ECE,356,0.5,300,Course from Computer Engineering program,"[""F"", ""W""]",,"[""systems"", ""data""]","{""reading"": 2, ""assignments"": 3, ""projects"": 1, ""labs"": 1}","{""midterm"": 30, ""final"": 40, ""assignments"": 30}",https://uwaterloo.ca/engineering/undergraduate-studies/computer-engineering
ECE358,Computer Networks,ECE,358,0.5,300,Course from Computer Engineering program,"[""F"", ""W""]",,"[""general engineering""]","{""reading"": 2, ""assignments"": 3, ""projects"": 1, ""labs"": 1}","{""midterm"": 30, ""final"": 40, ""assignments"": 30}",https://uwaterloo.ca/engineering/undergraduate-studies/computer-engineering
ECE316,Probability Theory and Statistics (if required by cohort) / Approved Elective,ECE,316,0.5,300,Course from Computer Engineering program,"[""F"", ""W""]",,"[""mathematics""]","{""reading"": 2, ""assignments"": 3, ""projects"": 1, ""labs"": 1}","{""midterm"": 30, ""final"": 40, ""assignments"": 30}",https://uwaterloo.ca/engineering/undergraduate-studies/computer-engineering
ECE320,Computer Architecture,ECE,320,0.5,300,Course from Computer Engineering program,"[""F"", ""W""]",,"[""general engineering""]","{""reading"": 2, ""assignments"": 3, ""projects"": 1, ""labs"": 1}","{""midterm"": 30, ""final"": 40, ""assignments"": 30}",https://uwaterloo.ca/engineering/undergraduate-studies/computer-engineering
ECE351,Compilers,ECE,351,0.5,300,Course from Computer Engineering program,"[""F"", ""W""]",,"[""general engineering""]","{""reading"": 2, ""assignments"": 3, ""projects"": 1, ""labs"": 1}","{""midterm"": 30, ""final"": 40, ""assignments"": 30}",https://uwaterloo.ca/engineering/undergraduate-studies/computer-engineering
ECE406,Algorithm Design and Analysis,ECE,406,0.5,400,Course from Computer Engineering program,"[""F"", ""W""]",,"[""design""]","{""reading"": 2, ""assignments"": 3, ""projects"": 1, ""labs"": 1}","{""midterm"": 30, ""final"": 40, ""assignments"": 30}",https://uwaterloo.ca/engineering/undergraduate-studies/computer-engineering
ECE409,Cryptography and System Security,ECE,409,0.5,400,Course from Computer Engineering program,"[""F"", ""W""]",,"[""general engineering""]","{""reading"": 2, ""assignments"": 3, ""projects"": 1, ""labs"": 1}","{""midterm"": 30, ""final"": 40, ""assignments"": 30}",https://uwaterloo.ca/engineering/undergraduate-studies/computer-engineering
ECE327,Digital Hardware Systems,ECE,327,0.5,300,Course from Computer Engineering program,"[""F"", ""W""]",,"[""hardware"", ""systems""]","{""reading"": 2, ""assignments"": 3, ""projects"": 1, ""labs"": 1}","{""midterm"": 30, ""final"": 40, ""assignments"": 30}",https://uwaterloo.ca/engineering/undergraduate-studies/computer-engineering
ECE423,Embedded Computer Systems,ECE,423,0.5,400,Course from Computer Engineering program,"[""F"", ""W""]",,"[""systems""]","{""reading"": 2, ""assignments"": 3, ""projects"": 1, ""labs"": 1}","{""midterm"": 30, ""final"": 40, ""assignments"": 30}",https://uwaterloo.ca/engineering/undergraduate-studies/computer-engineering
ECE454,Distributed Computing,ECE,454,0.5,400,Course from Computer Engineering program,"[""F"", ""W""]",,"[""general engineering""]","{""reading"": 2, ""assignments"": 3, ""projects"": 1, ""labs"": 1}","{""midterm"": 30, ""final"": 40, ""assignments"": 30}",https://uwaterloo.ca/engineering/undergraduate-studies/computer-engineering
ECE459,Programming for Performance,ECE,459,0.5,400,Course from Computer Engineering program,"[""F"", ""W""]",,"[""software""]","{""reading"": 2, ""assignments"": 3, ""projects"": 1, ""labs"": 1}","{""midterm"": 30, ""final"": 40, ""assignments"": 30}",https://uwaterloo.ca/engineering/undergraduate-studies/computer-engineering
ECE498,Engineering Design Project,ECE,498,0.5,400,Course from Computer Engineering program,"[""F"", ""W""]",,"[""design""]","{""reading"": 2, ""assignments"": 3, ""projects"": 1, ""labs"": 1}","{""midterm"": 30, ""final"": 40, ""assignments"": 30}",https://uwaterloo.ca/engineering/undergraduate-studies/computer-engineering
"Communication/Impact course (e.g., ECE 192 or List A/C/D course)","Communication/Impact course (e.g., ECE 192 or List A/C/D course)",UNKNOWN,000,0.5,100,Course from Computer Engineering program,"[""F"", ""W""]",,"[""communication""]","{""reading"": 2, ""assignments"": 3, ""projects"": 1, ""labs"": 1}","{""midterm"": 30, ""final"": 40, ""assignments"": 30}",https://uwaterloo.ca/engineering/undergraduate-studies/computer-engineering
Three Technical Electives,Three Technical Electives,UNKNOWN,000,0.5,200,Course from Computer Engineering program,"[""F"", ""W""]",,"[""general engineering""]","{""reading"": 2, ""assignments"": 3, ""projects"": 1, ""labs"": 1}","{""midterm"": 30, ""final"": 40, ""assignments"": 30}",https://uwaterloo.ca/engineering/undergraduate-studies/computer-engineering
ECE205,Advanced Calculus 1 for ECE,ECE,205,0.5,200,Course from Electrical Engineering program,"[""F"", ""W""]",,"[""mathematics""]","{""reading"": 2, ""assignments"": 3, ""projects"": 1, ""labs"": 1}","{""midterm"": 30, ""final"": 40, ""assignments"": 30}",https://uwaterloo.ca/engineering/undergraduate-studies/electrical-engineering
ECE250,Algorithms and Data Structures,ECE,250,0.5,200,Course from Electrical Engineering program,"[""F"", ""W""]",,"[""data""]","{""reading"": 2, ""assignments"": 3, ""projects"": 1, ""labs"": 1}","{""midterm"": 30, ""final"": 40, ""assignments"": 30}",https://uwaterloo.ca/engineering/undergraduate-studies/electrical-engineering
ECE255,Digital Systems,ECE,255,0.5,200,Course from Electrical Engineering program,"[""F"", ""W""]",,"[""hardware"", ""systems""]","{""reading"": 2, ""assignments"": 3, ""projects"": 1, ""labs"": 1}","{""midterm"": 30, ""final"": 40, ""assignments"": 30}",https://uwaterloo.ca/engineering/undergraduate-studies/electrical-engineering
ECE207,Signals and Systems,ECE,207,0.5,200,Course from Electrical Engineering program,"[""F"", ""W""]",,"[""systems""]","{""reading"": 2, ""assignments"": 3, ""projects"": 1, ""labs"": 1}","{""midterm"": 30, ""final"": 40, ""assignments"": 30}",https://uwaterloo.ca/engineering/undergraduate-studies/electrical-engineering
ECE209,Circuits and Systems,ECE,209,0.5,200,Course from Electrical Engineering program,"[""F"", ""W""]",,"[""hardware"", ""systems""]","{""reading"": 2, ""assignments"": 3, ""projects"": 1, ""labs"": 1}","{""midterm"": 30, ""final"": 40, ""assignments"": 30}",https://uwaterloo.ca/engineering/undergraduate-studies/electrical-engineering
ECE242,Electronic Devices,ECE,242,0.5,200,Course from Electrical Engineering program,"[""F"", ""W""]",,"[""general engineering""]","{""reading"": 2, ""assignments"": 3, ""projects"": 1, ""labs"": 1}","{""midterm"": 30, ""final"": 40, ""assignments"": 30}",https://uwaterloo.ca/engineering/undergraduate-studies/electrical-engineering
ECE298,Laboratory/Project (per calendar),ECE,298,0.5,200,Course from Electrical Engineering program,"[""F"", ""W""]",,"[""design""]","{""reading"": 2, ""assignments"": 3, ""projects"": 1, ""labs"": 1}","{""midterm"": 30, ""final"": 40, ""assignments"": 30}",https://uwaterloo.ca/engineering/undergraduate-studies/electrical-engineering
ECE306,Probability and Random Processes,ECE,306,0.5,300,Course from Electrical Engineering program,"[""F"", ""W""]",,"[""mathematics""]","{""reading"": 2, ""assignments"": 3, ""projects"": 1, ""labs"": 1}","{""midterm"": 30, ""final"": 40, ""assignments"": 30}",https://uwaterloo.ca/engineering/undergraduate-studies/electrical-engineering
ECE307,Electromagnetics (Fields and Waves),ECE,307,0.5,300,Course from Electrical Engineering program,"[""F"", ""W""]",,"[""general engineering""]","{""reading"": 2, ""assignments"": 3, ""projects"": 1, ""labs"": 1}","{""midterm"": 30, ""final"": 40, ""assignments"": 30}",https://uwaterloo.ca/engineering/undergraduate-studies/electrical-engineering
ECE375,Electromagnetic Fields and Waves,ECE,375,0.5,300,Course from Electrical Engineering program,"[""F"", ""W""]",,"[""general engineering""]","{""reading"": 2, ""assignments"": 3, ""projects"": 1, ""labs"": 1}","{""midterm"": 30, ""final"": 40, ""assignments"": 30}",https://uwaterloo.ca/engineering/undergraduate-studies/electrical-engineering
ECE380,Analog Control Systems,ECE,380,0.5,300,Course from Electrical Engineering program,"[""F"", ""W""]",,"[""control"", ""systems""]","{""reading"": 2, ""assignments"": 3, ""projects"": 1, ""labs"": 1}","{""midterm"": 30, ""final"": 40, ""assignments"": 30}",https://uwaterloo.ca/engineering/undergraduate-studies/electrical-engineering
ECE387,Communication Systems,ECE,387,0.5,300,Course from Electrical Engineering program,"[""F"", ""W""]",,"[""systems"", ""communication""]","{""reading"": 2, ""assignments"": 3, ""projects"": 1, ""labs"": 1}","{""midterm"": 30, ""final"": 40, ""assignments"": 30}",https://uwaterloo.ca/engineering/undergraduate-studies/electrical-engineering
ECE390,Energy Systems (or Power Electronics),ECE,390,0.5,300,Course from Electrical Engineering program,"[""F"", ""W""]",,"[""hardware"", ""systems"", ""environmental""]","{""reading"": 2, ""assignments"": 3, ""projects"": 1, ""labs"": 1}","{""midterm"": 30, ""final"": 40, ""assignments"": 30}",https://uwaterloo.ca/engineering/undergraduate-studies/electrical-engineering
ECE300,ECE 300-level Technical Elective,ECE,300,0.5,300,Course from Electrical Engineering program,"[""F"", ""W""]",,"[""general engineering""]","{""reading"": 2, ""assignments"": 3, ""projects"": 1, ""labs"": 1}","{""midterm"": 30, ""final"": 40, ""assignments"": 30}",https://uwaterloo.ca/engineering/undergraduate-studies/electrical-engineering
ME100,Introduction to Mechanical Engineering Practice 1,ME,100,0.5,100,Course from Mechanical Engineering program,"[""F"", ""W""]",,"[""general engineering""]","{""reading"": 2, ""assignments"": 3, ""projects"": 1, ""labs"": 1}","{""midterm"": 30, ""final"": 40, ""assignments"": 30}",https://uwaterloo.ca/engineering/undergraduate-studies/mechanical-engineering
PHYS115,Mechanics,PHYS,115,0.5,100,Course from Mechanical Engineering program,"[""F"", ""W""]",,"[""mechanics""]","{""reading"": 2, ""assignments"": 3, ""projects"": 1, ""labs"": 1}","{""midterm"": 30, ""final"": 40, ""assignments"": 30}",https://uwaterloo.ca/engineering/undergraduate-studies/mechanical-engineering
ME123,Electrical Engineering for Mechanical Engineers,ME,123,0.5,100,Course from Mechanical Engineering program,"[""F"", ""W""]",,"[""general engineering""]","{""reading"": 2, ""assignments"": 3, ""projects"": 1, ""labs"": 1}","{""midterm"": 30, ""final"": 40, ""assignments"": 30}",https://uwaterloo.ca/engineering/undergraduate-studies/mechanical-engineering
ME134,Statics,ME,134,0.5,100,Course from Mechanical Engineering program,"[""F"", ""W""]",,"[""mechanics""]","{""reading"": 2, ""assignments"": 3, ""projects"": 1, ""labs"": 1}","{""midterm"": 30, ""final"": 40, ""assignments"": 30}",https://uwaterloo.ca/engineering/undergraduate-studies/mechanical-engineering
ME135,"Engineering Design, Prototyping and Manufacturing",ME,135,0.5,100,Course from Mechanical Engineering program,"[""F"", ""W""]",,"[""design""]","{""reading"": 2, ""assignments"": 3, ""projects"": 1, ""labs"": 1}","{""midterm"": 30, ""final"": 40, ""assignments"": 30}",https://uwaterloo.ca/engineering/undergraduate-studies/mechanical-engineering
ME219,Mechanical Engineering Design Workshop 1,ME,219,0.5,200,Course from Mechanical Engineering program,"[""F"", ""W""]",,"[""design""]","{""reading"": 2, ""assignments"": 3, ""projects"": 1, ""labs"": 1}","{""midterm"": 30, ""final"": 40, ""assignments"": 30}",https://uwaterloo.ca/engineering/undergraduate-studies/mechanical-engineering
ME230,Thermodynamics 1,ME,230,0.5,200,Course from Mechanical Engineering program,"[""F"", ""W""]",,"[""mechanics""]","{""reading"": 2, ""assignments"": 3, ""projects"": 1, ""labs"": 1}","{""midterm"": 30, ""final"": 40, ""assignments"": 30}",https://uwaterloo.ca/engineering/undergraduate-studies/mechanical-engineering
ME250,Mechanics of Solids 1,ME,250,0.5,200,Course from Mechanical Engineering program,"[""F"", ""W""]",,"[""mechanics""]","{""reading"": 2, ""assignments"": 3, ""projects"": 1, ""labs"": 1}","{""midterm"": 30, ""final"": 40, ""assignments"": 30}",https://uwaterloo.ca/engineering/undergraduate-studies/mechanical-engineering
MTE204,Numerical Methods,MTE,204,0.5,200,Course from Mechanical Engineering program,"[""F"", ""W""]",,"[""general engineering""]","{""reading"": 2, ""assignments"": 3, ""projects"": 1, ""labs"": 1}","{""midterm"": 30, ""final"": 40, ""assignments"": 30}",https://uwaterloo.ca/engineering/undergraduate-studies/mechanical-engineering
ME203,Ordinary Differential Equations,ME,203,0.5,200,Course from Mechanical Engineering program,"[""F"", ""W""]",,"[""general engineering""]","{""reading"": 2, ""assignments"": 3, ""projects"": 1, ""labs"": 1}","{""midterm"": 30, ""final"": 40, ""assignments"": 30}",https://uwaterloo.ca/engineering/undergraduate-studies/mechanical-engineering
ME240,Fluid Mechanics 1,ME,240,0.5,200,Course from Mechanical Engineering program,"[""F"", ""W""]",,"[""mechanics""]","{""reading"": 2, ""assignments"": 3, ""projects"": 1, ""labs"": 1}","{""midterm"": 30, ""final"": 40, ""assignments"": 30}",https://uwaterloo.ca/engineering/undergraduate-studies/mechanical-engineering
ME251,Mechanics of Solids 2,ME,251,0.5,200,Course from Mechanical Engineering program,"[""F"", ""W""]",,"[""mechanics""]","{""reading"": 2, ""assignments"": 3, ""projects"": 1, ""labs"": 1}","{""midterm"": 30, ""final"": 40, ""assignments"": 30}",https://uwaterloo.ca/engineering/undergraduate-studies/mechanical-engineering
MTE262,Introduction to Digital Logic,MTE,262,0.5,200,Course from Mechanical Engineering program,"[""F"", ""W""]",,"[""hardware""]","{""reading"": 2, ""assignments"": 3, ""projects"": 1, ""labs"": 1}","{""midterm"": 30, ""final"": 40, ""assignments"": 30}",https://uwaterloo.ca/engineering/undergraduate-studies/mechanical-engineering
ME321,Dynamics of Machines and Mechanical Vibrations,ME,321,0.5,300,Course from Mechanical Engineering program,"[""F"", ""W""]",,"[""mechanics""]","{""reading"": 2, ""assignments"": 3, ""projects"": 1, ""labs"": 1}","{""midterm"": 30, ""final"": 40, ""assignments"": 30}",https://uwaterloo.ca/engineering/undergraduate-studies/mechanical-engineering
ME340,Manufacturing Processes,ME,340,0.5,300,Course from Mechanical Engineering program,"[""F"", ""W""]",,"[""general engineering""]","{""reading"": 2, ""assignments"": 3, ""projects"": 1, ""labs"": 1}","{""midterm"": 30, ""final"": 40, ""assignments"": 30}",https://uwaterloo.ca/engineering/undergraduate-studies/mechanical-engineering
ME360,Introduction to Control Systems,ME,360,0.5,300,Course from Mechanical Engineering program,"[""F"", ""W""]",,"[""control"", ""systems""]","{""reading"": 2, ""assignments"": 3, ""projects"": 1, ""labs"": 1}","{""midterm"": 30, ""final"": 40, ""assignments"": 30}",https://uwaterloo.ca/engineering/undergraduate-studies/mechanical-engineering
ME362,"System Modelling, Identification and Digital Control",ME,362,0.5,300,Course from Mechanical Engineering program,"[""F"", ""W""]",,"[""control"", ""hardware""]","{""reading"": 2, ""assignments"": 3, ""projects"": 1, ""labs"": 1}","{""midterm"": 30, ""final"": 40, ""assignments"": 30}",https://uwaterloo.ca/engineering/undergraduate-studies/mechanical-engineering
ME380,Heat Transfer 1,ME,380,0.5,300,Course from Mechanical Engineering program,"[""F"", ""W""]",,"[""general engineering""]","{""reading"": 2, ""assignments"": 3, ""projects"": 1, ""labs"": 1}","{""midterm"": 30, ""final"": 40, ""assignments"": 30}",https://uwaterloo.ca/engineering/undergraduate-studies/mechanical-engineering
ME322,Mechanical Design 1,ME,322,0.5,300,Course from Mechanical Engineering program,"[""F"", ""W""]",,"[""design""]","{""reading"": 2, ""assignments"": 3, ""projects"": 1, ""labs"": 1}","{""midterm"": 30, ""final"": 40, ""assignments"": 30}",https://uwaterloo.ca/engineering/undergraduate-studies/mechanical-engineering
ME343,Computer Aided Design and Manufacturing,ME,343,0.5,300,Course from Mechanical Engineering program,"[""F"", ""W""]",,"[""machine learning"", ""design""]","{""reading"": 2, ""assignments"": 3, ""projects"": 1, ""labs"": 1}","{""midterm"": 30, ""final"": 40, ""assignments"": 30}",https://uwaterloo.ca/engineering/undergraduate-studies/mechanical-engineering
ME351,Mechanics of Solids 3,ME,351,0.5,300,Course from Mechanical Engineering program,"[""F"", ""W""]",,"[""mechanics""]","{""reading"": 2, ""assignments"": 3, ""projects"": 1, ""labs"": 1}","{""midterm"": 30, ""final"": 40, ""assignments"": 30}",https://uwaterloo.ca/engineering/undergraduate-studies/mechanical-engineering
ME375,Measurements and Instrumentation,ME,375,0.5,300,Course from Mechanical Engineering program,"[""F"", ""W""]",,"[""general engineering""]","{""reading"": 2, ""assignments"": 3, ""projects"": 1, ""labs"": 1}","{""midterm"": 30, ""final"": 40, ""assignments"": 30}",https://uwaterloo.ca/engineering/undergraduate-studies/mechanical-engineering
ME381,Heat Transfer 2,ME,381,0.5,300,Course from Mechanical Engineering program,"[""F"", ""W""]",,"[""general engineering""]","{""reading"": 2, ""assignments"": 3, ""projects"": 1, ""labs"": 1}","{""midterm"": 30, ""final"": 40, ""assignments"": 30}",https://uwaterloo.ca/engineering/undergraduate-studies/mechanical-engineering
ME481,Mechanical Engineering Design Project 1,ME,481,0.5,400,Course from Mechanical Engineering program,"[""F"", ""W""]",,"[""design""]","{""reading"": 2, ""assignments"": 3, ""projects"": 1, ""labs"": 1}","{""midterm"": 30, ""final"": 40, ""assignments"": 30}",https://uwaterloo.ca/engineering/undergraduate-studies/mechanical-engineering
ME482,Mechanical Engineering Design Project 2,ME,482,0.5,400,Course from Mechanical Engineering program,"[""F"", ""W""]",,"[""design""]","{""reading"": 2, ""assignments"": 3, ""projects"": 1, ""labs"": 1}","{""midterm"": 30, ""final"": 40, ""assignments"": 30}",https://uwaterloo.ca/engineering/undergraduate-studies/mechanical-engineering
MTE100,Introduction to Mechatronics Engineering Practice 1,MTE,100,0.5,100,Course from Mechatronics Engineering program,"[""F"", ""W""]",,"[""general engineering""]","{""reading"": 2, ""assignments"": 3, ""projects"": 1, ""labs"": 1}","{""midterm"": 30, ""final"": 40, ""assignments"": 30}",https://uwaterloo.ca/engineering/undergraduate-studies/mechatronics-engineering
MTE120,Circuits,MTE,120,0.5,100,Course from Mechatronics Engineering program,"[""F"", ""W""]",,"[""hardware""]","{""reading"": 2, ""assignments"": 3, ""projects"": 1, ""labs"": 1}","{""midterm"": 30, ""final"": 40, ""assignments"": 30}",https://uwaterloo.ca/engineering/undergraduate-studies/mechatronics-engineering
MTE140,Algorithms and Data Structures,MTE,140,0.5,100,Course from Mechatronics Engineering program,"[""F"", ""W""]",,"[""data""]","{""reading"": 2, ""assignments"": 3, ""projects"": 1, ""labs"": 1}","{""midterm"": 30, ""final"": 40, ""assignments"": 30}",https://uwaterloo.ca/engineering/undergraduate-studies/mechatronics-engineering
MTE180,Physics of Machine and Biological Materials,MTE,180,0.5,100,Course from Mechatronics Engineering program,"[""F"", ""W""]",,"[""mechanics"", ""biomedical""]","{""reading"": 2, ""assignments"": 3, ""projects"": 1, ""labs"": 1}","{""midterm"": 30, ""final"": 40, ""assignments"": 30}",https://uwaterloo.ca/engineering/undergraduate-studies/mechatronics-engineering
MTE201,Kinematics and Dynamics,MTE,201,0.5,200,Course from Mechatronics Engineering program,"[""F"", ""W""]",,"[""mechanics""]","{""reading"": 2, ""assignments"": 3, ""projects"": 1, ""labs"": 1}","{""midterm"": 30, ""final"": 40, ""assignments"": 30}",https://uwaterloo.ca/engineering/undergraduate-studies/mechatronics-engineering
MTE202,Ordinary Differential Equations,MTE,202,0.5,200,Course from Mechatronics Engineering program,"[""F"", ""W""]",,"[""general engineering""]","{""reading"": 2, ""assignments"": 3, ""projects"": 1, ""labs"": 1}","{""midterm"": 30, ""final"": 40, ""assignments"": 30}",https://uwaterloo.ca/engineering/undergraduate-studies/mechatronics-engineering
MTE220,Sensors and Instrumentation,MTE,220,0.5,200,Course from Mechatronics Engineering program,"[""F"", ""W""]",,"[""general engineering""]","{""reading"": 2, ""assignments"": 3, ""projects"": 1, ""labs"": 1}","{""midterm"": 30, ""final"": 40, ""assignments"": 30}",https://uwaterloo.ca/engineering/undergraduate-studies/mechatronics-engineering
MTE241,Introduction to Computer Structures and Real-Time Systems,MTE,241,0.5,200,Course from Mechatronics Engineering program,"[""F"", ""W""]",,"[""systems""]","{""reading"": 2, ""assignments"": 3, ""projects"": 1, ""labs"": 1}","{""midterm"": 30, ""final"": 40, ""assignments"": 30}",https://uwaterloo.ca/engineering/undergraduate-studies/mechatronics-engineering
MTE320,Actuators and Power Electronics,MTE,320,0.5,300,Course from Mechatronics Engineering program,"[""F"", ""W""]",,"[""hardware""]","{""reading"": 2, ""assignments"": 3, ""projects"": 1, ""labs"": 1}","{""midterm"": 30, ""final"": 40, ""assignments"": 30}",https://uwaterloo.ca/engineering/undergraduate-studies/mechatronics-engineering
MTE325,Microprocessor Systems and Interfacing for Mechatronics Engineering,MTE,325,0.5,300,Course from Mechatronics Engineering program,"[""F"", ""W""]",,"[""systems""]","{""reading"": 2, ""assignments"": 3, ""projects"": 1, ""labs"": 1}","{""midterm"": 30, ""final"": 40, ""assignments"": 30}",https://uwaterloo.ca/engineering/undergraduate-studies/mechatronics-engineering
MTE321,Design and Dynamics of Machines,MTE,321,0.5,300,Course from Mechatronics Engineering program,"[""F"", ""W""]",,"[""mechanics"", ""design""]","{""reading"": 2, ""assignments"": 3, ""projects"": 1, ""labs"": 1}","{""midterm"": 30, ""final"": 40, ""assignments"": 30}",https://uwaterloo.ca/engineering/undergraduate-studies/mechatronics-engineering
MTE322,Electromechanical Machine Design,MTE,322,0.5,300,Course from Mechatronics Engineering program,"[""F"", ""W""]",,"[""design""]","{""reading"": 2, ""assignments"": 3, ""projects"": 1, ""labs"": 1}","{""midterm"": 30, ""final"": 40, ""assignments"": 30}",https://uwaterloo.ca/engineering/undergraduate-studies/mechatronics-engineering
MTE360,Automatic Control Systems,MTE,360,0.5,300,Course from Mechatronics Engineering program,"[""F"", ""W""]",,"[""control"", ""systems""]","{""reading"": 2, ""assignments"": 3, ""projects"": 1, ""labs"": 1}","{""midterm"": 30, ""final"": 40, ""assignments"": 30}",https://uwaterloo.ca/engineering/undergraduate-studies/mechatronics-engineering
MTE380,Heat and Mass Transfer (or ME 380),MTE,380,0.5,300,Course from Mechatronics Engineering program,"[""F"", ""W""]",,"[""general engineering""]","{""reading"": 2, ""assignments"": 3, ""projects"": 1, ""labs"": 1}","{""midterm"": 30, ""final"": 40, ""assignments"": 30}",https://uwaterloo.ca/engineering/undergraduate-studies/mechatronics-engineering
MTE460,Mechatronic System Integration,MTE,460,0.5,400,Course from Mechatronics Engineering program,"[""F"", ""W""]",,"[""systems""]","{""reading"": 2, ""assignments"": 3, ""projects"": 1, ""labs"": 1}","{""midterm"": 30, ""final"": 40, ""assignments"": 30}",https://uwaterloo.ca/engineering/undergraduate-studies/mechatronics-engineering
MTE544,Autonomous Mobile Robots (or approved robotics elective),MTE,544,0.5,400,Course from Mechatronics Engineering program,"[""F"", ""W""]",,"[""robotics""]","{""reading"": 2, ""assignments"": 3, ""projects"": 1, ""labs"": 1}","{""midterm"": 30, ""final"": 40, ""assignments"": 30}",https://uwaterloo.ca/engineering/undergraduate-studies/mechatronics-engineering
MTE546,Multi-Sensor Data Fusion (or approved elective),MTE,546,0.5,400,Course from Mechatronics Engineering program,"[""F"", ""W""]",,"[""data""]","{""reading"": 2, ""assignments"": 3, ""projects"": 1, ""labs"": 1}","{""midterm"": 30, ""final"": 40, ""assignments"": 30}",https://uwaterloo.ca/engineering/undergraduate-studies/mechatronics-engineering
MTE481,Mechatronics Engineering Design Project 1,MTE,481,0.5,400,Course from Mechatronics Engineering program,"[""F"", ""W""]",,"[""design""]","{""reading"": 2, ""assignments"": 3, ""projects"": 1, ""labs"": 1}","{""midterm"": 30, ""final"": 40, ""assignments"": 30}",https://uwaterloo.ca/engineering/undergraduate-studies/mechatronics-engineering
Two or Three Technical Electives (per cohort),Two or Three Technical Electives (per cohort),UNKNOWN,000,0.5,200,Course from Mechatronics Engineering program,"[""F"", ""W""]",,"[""general engineering""]","{""reading"": 2, ""assignments"": 3, ""projects"": 1, ""labs"": 1}","{""midterm"": 30, ""final"": 40, ""assignments"": 30}",https://uwaterloo.ca/engineering/undergraduate-studies/mechatronics-engineering
MTE482,Mechatronics Engineering Project 2,MTE,482,0.5,400,Course from Mechatronics Engineering program,"[""F"", ""W""]",,"[""design""]","{""reading"": 2, ""assignments"": 3, ""projects"": 1, ""labs"": 1}","{""midterm"": 30, ""final"": 40, ""assignments"": 30}",https://uwaterloo.ca/engineering/undergraduate-studies/mechatronics-engineering
SYDE101,Systems Design Engineering: Principles,SYDE,101,0.5,100,Course from Systems Design Engineering program,"[""F"", ""W""]",,"[""design"", ""systems""]","{""reading"": 2, ""assignments"": 3, ""projects"": 1, ""labs"": 1}","{""midterm"": 30, ""final"": 40, ""assignments"": 30}",https://uwaterloo.ca/engineering/undergraduate-studies/systems-design-engineering
SYDE111,Digital Computation,SYDE,111,0.5,100,Course from Systems Design Engineering program,"[""F"", ""W""]",,"[""hardware""]","{""reading"": 2, ""assignments"": 3, ""projects"": 1, ""labs"": 1}","{""midterm"": 30, ""final"": 40, ""assignments"": 30}",https://uwaterloo.ca/engineering/undergraduate-studies/systems-design-engineering
SYDE182,Physics 2: Materials and Waves,SYDE,182,0.5,100,Course from Systems Design Engineering program,"[""F"", ""W""]",,"[""mechanics""]","{""reading"": 2, ""assignments"": 3, ""projects"": 1, ""labs"": 1}","{""midterm"": 30, ""final"": 40, ""assignments"": 30}",https://uwaterloo.ca/engineering/undergraduate-studies/systems-design-engineering
SYDE192,Digital Systems,SYDE,192,0.5,100,Course from Systems Design Engineering program,"[""F"", ""W""]",,"[""hardware"", ""systems""]","{""reading"": 2, ""assignments"": 3, ""projects"": 1, ""labs"": 1}","{""midterm"": 30, ""final"": 40, ""assignments"": 30}",https://uwaterloo.ca/engineering/undergraduate-studies/systems-design-engineering
SYDE221,Electrical Circuits and Instrumentation,SYDE,221,0.5,200,Course from Systems Design Engineering program,"[""F"", ""W""]",,"[""hardware""]","{""reading"": 2, ""assignments"": 3, ""projects"": 1, ""labs"": 1}","{""midterm"": 30, ""final"": 40, ""assignments"": 30}",https://uwaterloo.ca/engineering/undergraduate-studies/systems-design-engineering
SYDE211,Calculus 3,SYDE,211,0.5,200,Course from Systems Design Engineering program,"[""F"", ""W""]",,"[""mathematics""]","{""reading"": 2, ""assignments"": 3, ""projects"": 1, ""labs"": 1}","{""midterm"": 30, ""final"": 40, ""assignments"": 30}",https://uwaterloo.ca/engineering/undergraduate-studies/systems-design-engineering
SYDE223,Data Structures and Algorithms,SYDE,223,0.5,200,Course from Systems Design Engineering program,"[""F"", ""W""]",,"[""data""]","{""reading"": 2, ""assignments"": 3, ""projects"": 1, ""labs"": 1}","{""midterm"": 30, ""final"": 40, ""assignments"": 30}",https://uwaterloo.ca/engineering/undergraduate-studies/systems-design-engineering
SYDE261,"Design, Systems, and Society",SYDE,261,0.5,200,Course from Systems Design Engineering program,"[""F"", ""W""]",,"[""design"", ""systems""]","{""reading"": 2, ""assignments"": 3, ""projects"": 1, ""labs"": 1}","{""midterm"": 30, ""final"": 40, ""assignments"": 30}",https://uwaterloo.ca/engineering/undergraduate-studies/systems-design-engineering
SYDE262,Engineering Economics of Design,SYDE,262,0.5,200,Course from Systems Design Engineering program,"[""F"", ""W""]",,"[""design""]","{""reading"": 2, ""assignments"": 3, ""projects"": 1, ""labs"": 1}","{""midterm"": 30, ""final"": 40, ""assignments"": 30}",https://uwaterloo.ca/engineering/undergraduate-studies/systems-design-engineering
SYDE252,Linear Systems,SYDE,252,0.5,200,Course from Systems Design Engineering program,"[""F"", ""W""]",,"[""systems""]","{""reading"": 2, ""assignments"": 3, ""projects"": 1, ""labs"": 1}","{""midterm"": 30, ""final"": 40, ""assignments"": 30}",https://uwaterloo.ca/engineering/undergraduate-studies/systems-design-engineering
SYDE283,"Physics 3: Electricity, Magnetism and Optics",SYDE,283,0.5,200,Course from Systems Design Engineering program,"[""F"", ""W""]",,"[""general engineering""]","{""reading"": 2, ""assignments"": 3, ""projects"": 1, ""labs"": 1}","{""midterm"": 30, ""final"": 40, ""assignments"": 30}",https://uwaterloo.ca/engineering/undergraduate-studies/systems-design-engineering
SYDE285,Materials Science,SYDE,285,0.5,200,Course from Systems Design Engineering program,"[""F"", ""W""]",,"[""mechanics""]","{""reading"": 2, ""assignments"": 3, ""projects"": 1, ""labs"": 1}","{""midterm"": 30, ""final"": 40, ""assignments"": 30}",https://uwaterloo.ca/engineering/undergraduate-studies/systems-design-engineering
SYDE292,"Circuits, Instrumentation, and Measurements",SYDE,292,0.5,200,Course from Systems Design Engineering program,"[""F"", ""W""]",,"[""hardware""]","{""reading"": 2, ""assignments"": 3, ""projects"": 1, ""labs"": 1}","{""midterm"": 30, ""final"": 40, ""assignments"": 30}",https://uwaterloo.ca/engineering/undergraduate-studies/systems-design-engineering
SYDE312,Differential Equations and Systems,SYDE,312,0.5,300,Course from Systems Design Engineering program,"[""F"", ""W""]",,"[""systems""]","{""reading"": 2, ""assignments"": 3, ""projects"": 1, ""labs"": 1}","{""midterm"": 30, ""final"": 40, ""assignments"": 30}",https://uwaterloo.ca/engineering/undergraduate-studies/systems-design-engineering
SYDE322,Data Structures and Algorithms 2 / Software Design (per calendar),SYDE,322,0.5,300,Course from Systems Design Engineering program,"[""F"", ""W""]",,"[""software"", ""design"", ""data""]","{""reading"": 2, ""assignments"": 3, ""projects"": 1, ""labs"": 1}","{""midterm"": 30, ""final"": 40, ""assignments"": 30}",https://uwaterloo.ca/engineering/undergraduate-studies/systems-design-engineering
SYDE352,Introduction to Control Systems,SYDE,352,0.5,300,Course from Systems Design Engineering program,"[""F"", ""W""]",,"[""control"", ""systems""]","{""reading"": 2, ""assignments"": 3, ""projects"": 1, ""labs"": 1}","{""midterm"": 30, ""final"": 40, ""assignments"": 30}",https://uwaterloo.ca/engineering/undergraduate-studies/systems-design-engineering
SYDE411,Optimization and Numerical Methods,SYDE,411,0.5,400,Course from Systems Design Engineering program,"[""F"", ""W""]",,"[""general engineering""]","{""reading"": 2, ""assignments"": 3, ""projects"": 1, ""labs"": 1}","{""midterm"": 30, ""final"": 40, ""assignments"": 30}",https://uwaterloo.ca/engineering/undergraduate-studies/systems-design-engineering
SYDE433,Human Factors (Interface Design / Cognitive Ergonomics sequence),SYDE,433,0.5,400,Course from Systems Design Engineering program,"[""F"", ""W""]",,"[""design""]","{""reading"": 2, ""assignments"": 3, ""projects"": 1, ""labs"": 1}","{""midterm"": 30, ""final"": 40, ""assignments"": 30}",https://uwaterloo.ca/engineering/undergraduate-studies/systems-design-engineering
SYDE461,Capstone Project Preparation / Specialization Elective,SYDE,461,0.5,400,Course from Systems Design Engineering program,"[""F"", ""W""]",,"[""design""]","{""reading"": 2, ""assignments"": 3, ""projects"": 1, ""labs"": 1}","{""midterm"": 30, ""final"": 40, ""assignments"": 30}",https://uwaterloo.ca/engineering/undergraduate-studies/systems-design-engineering
Technical/Design Elective,Technical/Design Elective,UNKNOWN,000,0.5,200,Course from Systems Design Engineering program,"[""F"", ""W""]",,"[""design""]","{""reading"": 2, ""assignments"": 3, ""projects"": 1, ""labs"": 1}","{""midterm"": 30, ""final"": 40, ""assignments"": 30}",https://uwaterloo.ca/engineering/undergraduate-studies/systems-design-engineering
SYDE4,Upper-year Technical Electives (2-3),SYDE,4,0.5,100,Course from Systems Design Engineering program,"[""F"", ""W""]",,"[""general engineering""]","{""reading"": 2, ""assignments"": 3, ""projects"": 1, ""labs"": 1}","{""midterm"": 30, ""final"": 40, ""assignments"": 30}",https://uwaterloo.ca/engineering/undergraduate-studies/systems-design-engineering
SYDE462,Systems Design Capstone Project 2,SYDE,462,0.5,400,Course from Systems Design Engineering program,"[""F"", ""W""]",,"[""design"", ""systems""]","{""reading"": 2, ""assignments"": 3, ""projects"": 1, ""labs"": 1}","{""midterm"": 30, ""final"": 40, ""assignments"": 30}",https://uwaterloo.ca/engineering/undergraduate-studies/systems-design-engineering
NE100,Introduction to Nanotechnology Engineering,NE,100,0.5,100,Course from Nanotechnology Engineering program,"[""F"", ""W""]",,"[""general engineering""]","{""reading"": 2, ""assignments"": 3, ""projects"": 1, ""labs"": 1}","{""midterm"": 30, ""final"": 40, ""assignments"": 30}",https://uwaterloo.ca/engineering/undergraduate-studies/nanotechnology-engineering
NE101,Nanotechnology Engineering Practice 1,NE,101,0.5,100,Course from Nanotechnology Engineering program,"[""F"", ""W""]",,"[""general engineering""]","{""reading"": 2, ""assignments"": 3, ""projects"": 1, ""labs"": 1}","{""midterm"": 30, ""final"": 40, ""assignments"": 30}",https://uwaterloo.ca/engineering/undergraduate-studies/nanotechnology-engineering
NE109,Societal and Environmental Impacts of Nanotechnology,NE,109,0.5,100,Course from Nanotechnology Engineering program,"[""F"", ""W""]",,"[""environmental""]","{""reading"": 2, ""assignments"": 3, ""projects"": 1, ""labs"": 1}","{""midterm"": 30, ""final"": 40, ""assignments"": 30}",https://uwaterloo.ca/engineering/undergraduate-studies/nanotechnology-engineering
NE111,Introduction to Programming for Engineers,NE,111,0.5,100,Course from Nanotechnology Engineering program,"[""F"", ""W""]",,"[""software""]","{""reading"": 2, ""assignments"": 3, ""projects"": 1, ""labs"": 1}","{""midterm"": 30, ""final"": 40, ""assignments"": 30}",https://uwaterloo.ca/engineering/undergraduate-studies/nanotechnology-engineering
NE112,Linear Algebra for Nanotechnology Engineering,NE,112,0.5,100,Course from Nanotechnology Engineering program,"[""F"", ""W""]",,"[""general engineering""]","{""reading"": 2, ""assignments"": 3, ""projects"": 1, ""labs"": 1}","{""midterm"": 30, ""final"": 40, ""assignments"": 30}",https://uwaterloo.ca/engineering/undergraduate-studies/nanotechnology-engineering
NE121,Chemical Principles,NE,121,0.5,100,Course from Nanotechnology Engineering program,"[""F"", ""W""]",,"[""general engineering""]","{""reading"": 2, ""assignments"": 3, ""projects"": 1, ""labs"": 1}","{""midterm"": 30, ""final"": 40, ""assignments"": 30}",https://uwaterloo.ca/engineering/undergraduate-studies/nanotechnology-engineering
NE102,Nanotechnology Engineering Practice 2 (health risk),NE,102,0.5,100,Course from Nanotechnology Engineering program,"[""F"", ""W""]",,"[""biomedical""]","{""reading"": 2, ""assignments"": 3, ""projects"": 1, ""labs"": 1}","{""midterm"": 30, ""final"": 40, ""assignments"": 30}",https://uwaterloo.ca/engineering/undergraduate-studies/nanotechnology-engineering
NE113,Introduction to Computational Methods,NE,113,0.5,100,Course from Nanotechnology Engineering program,"[""F"", ""W""]",,"[""general engineering""]","{""reading"": 2, ""assignments"": 3, ""projects"": 1, ""labs"": 1}","{""midterm"": 30, ""final"": 40, ""assignments"": 30}",https://uwaterloo.ca/engineering/undergraduate-studies/nanotechnology-engineering
NE125,Introduction to Materials Science and Engineering,NE,125,0.5,100,Course from Nanotechnology Engineering program,"[""F"", ""W""]",,"[""mechanics""]","{""reading"": 2, ""assignments"": 3, ""projects"": 1, ""labs"": 1}","{""midterm"": 30, ""final"": 40, ""assignments"": 30}",https://uwaterloo.ca/engineering/undergraduate-studies/nanotechnology-engineering
NE131,Physics for Nanotechnology Engineering,NE,131,0.5,100,Course from Nanotechnology Engineering program,"[""F"", ""W""]",,"[""general engineering""]","{""reading"": 2, ""assignments"": 3, ""projects"": 1, ""labs"": 1}","{""midterm"": 30, ""final"": 40, ""assignments"": 30}",https://uwaterloo.ca/engineering/undergraduate-studies/nanotechnology-engineering
NE140,Linear Circuits,NE,140,0.5,100,Course from Nanotechnology Engineering program,"[""F"", ""W""]",,"[""hardware""]","{""reading"": 2, ""assignments"": 3, ""projects"": 1, ""labs"": 1}","{""midterm"": 30, ""final"": 40, ""assignments"": 30}",https://uwaterloo.ca/engineering/undergraduate-studies/nanotechnology-engineering
NE201,Nanotechnology Engineering Practice 3 (nanotoxicology),NE,201,0.5,200,Course from Nanotechnology Engineering program,"[""F"", ""W""]",,"[""general engineering""]","{""reading"": 2, ""assignments"": 3, ""projects"": 1, ""labs"": 1}","{""midterm"": 30, ""final"": 40, ""assignments"": 30}",https://uwaterloo.ca/engineering/undergraduate-studies/nanotechnology-engineering
NE215,Probability and Statistics,NE,215,0.5,200,Course from Nanotechnology Engineering program,"[""F"", ""W""]",,"[""mathematics""]","{""reading"": 2, ""assignments"": 3, ""projects"": 1, ""labs"": 1}","{""midterm"": 30, ""final"": 40, ""assignments"": 30}",https://uwaterloo.ca/engineering/undergraduate-studies/nanotechnology-engineering
NE216,Advanced Calculus and Numerical Methods 1,NE,216,0.5,200,Course from Nanotechnology Engineering program,"[""F"", ""W""]",,"[""mathematics""]","{""reading"": 2, ""assignments"": 3, ""projects"": 1, ""labs"": 1}","{""midterm"": 30, ""final"": 40, ""assignments"": 30}",https://uwaterloo.ca/engineering/undergraduate-studies/nanotechnology-engineering
NE220,Materials Science and Engineering Laboratory,NE,220,0.5,200,Course from Nanotechnology Engineering program,"[""F"", ""W""]",,"[""mechanics""]","{""reading"": 2, ""assignments"": 3, ""projects"": 1, ""labs"": 1}","{""midterm"": 30, ""final"": 40, ""assignments"": 30}",https://uwaterloo.ca/engineering/undergraduate-studies/nanotechnology-engineering
NE222,Organic Chemistry for Nanotechnology Engineers,NE,222,0.5,200,Course from Nanotechnology Engineering program,"[""F"", ""W""]",,"[""general engineering""]","{""reading"": 2, ""assignments"": 3, ""projects"": 1, ""labs"": 1}","{""midterm"": 30, ""final"": 40, ""assignments"": 30}",https://uwaterloo.ca/engineering/undergraduate-studies/nanotechnology-engineering
NE241,Electromagnetism,NE,241,0.5,200,Course from Nanotechnology Engineering program,"[""F"", ""W""]",,"[""general engineering""]","{""reading"": 2, ""assignments"": 3, ""projects"": 1, ""labs"": 1}","{""midterm"": 30, ""final"": 40, ""assignments"": 30}",https://uwaterloo.ca/engineering/undergraduate-studies/nanotechnology-engineering
Communication Elective (ENGR communication list),Communication Elective (ENGR communication list),UNKNOWN,000,0.5,200,Course from Nanotechnology Engineering program,"[""F"", ""W""]",,"[""communication""]","{""reading"": 2, ""assignments"": 3, ""projects"": 1, ""labs"": 1}","{""midterm"": 30, ""final"": 40, ""assignments"": 30}",https://uwaterloo.ca/engineering/undergraduate-studies/nanotechnology-engineering
NE202,Nanotechnology Engineering Practice 4 (env. impact),NE,202,0.5,200,Course from Nanotechnology Engineering program,"[""F"", ""W""]",,"[""general engineering""]","{""reading"": 2, ""assignments"": 3, ""projects"": 1, ""labs"": 1}","{""midterm"": 30, ""final"": 40, ""assignments"": 30}",https://uwaterloo.ca/engineering/undergraduate-studies/nanotechnology-engineering
NE217,Advanced Calculus and Numerical Methods 2,NE,217,0.5,200,Course from Nanotechnology Engineering program,"[""F"", ""W""]",,"[""mathematics""]","{""reading"": 2, ""assignments"": 3, ""projects"": 1, ""labs"": 1}","{""midterm"": 30, ""final"": 40, ""assignments"": 30}",https://uwaterloo.ca/engineering/undergraduate-studies/nanotechnology-engineering
NE224,Biochemistry for Nanotechnology Engineers,NE,224,0.5,200,Course from Nanotechnology Engineering program,"[""F"", ""W""]",,"[""biomedical""]","{""reading"": 2, ""assignments"": 3, ""projects"": 1, ""labs"": 1}","{""midterm"": 30, ""final"": 40, ""assignments"": 30}",https://uwaterloo.ca/engineering/undergraduate-studies/nanotechnology-engineering
NE225,Structure and Properties of Nanomaterials,NE,225,0.5,200,Course from Nanotechnology Engineering program,"[""F"", ""W""]",,"[""mechanics""]","{""reading"": 2, ""assignments"": 3, ""projects"": 1, ""labs"": 1}","{""midterm"": 30, ""final"": 40, ""assignments"": 30}",https://uwaterloo.ca/engineering/undergraduate-studies/nanotechnology-engineering
NE226,Characterization of Materials,NE,226,0.5,200,Course from Nanotechnology Engineering program,"[""F"", ""W""]",,"[""mechanics""]","{""reading"": 2, ""assignments"": 3, ""projects"": 1, ""labs"": 1}","{""midterm"": 30, ""final"": 40, ""assignments"": 30}",https://uwaterloo.ca/engineering/undergraduate-studies/nanotechnology-engineering
NE242,Semiconductor Physics and Devices,NE,242,0.5,200,Course from Nanotechnology Engineering program,"[""F"", ""W""]",,"[""general engineering""]","{""reading"": 2, ""assignments"": 3, ""projects"": 1, ""labs"": 1}","{""midterm"": 30, ""final"": 40, ""assignments"": 30}",https://uwaterloo.ca/engineering/undergraduate-studies/nanotechnology-engineering
NE250,Work-term Report 1,NE,250,0.5,200,Course from Nanotechnology Engineering program,"[""F"", ""W""]",,"[""general engineering""]","{""reading"": 2, ""assignments"": 3, ""projects"": 1, ""labs"": 1}","{""midterm"": 30, ""final"": 40, ""assignments"": 30}",https://uwaterloo.ca/engineering/undergraduate-studies/nanotechnology-engineering
MSCI261,Engineering Economics: Financial Management for Engineers,MSCI,261,0.5,200,Course from Nanotechnology Engineering program,"[""F"", ""W""]",,"[""general engineering""]","{""reading"": 2, ""assignments"": 3, ""projects"": 1, ""labs"": 1}","{""midterm"": 30, ""final"": 40, ""assignments"": 30}",https://uwaterloo.ca/engineering/undergraduate-studies/nanotechnology-engineering
NE301,Nanotechnology Engineering Practice 5,NE,301,0.5,300,Course from Nanotechnology Engineering program,"[""F"", ""W""]",,"[""general engineering""]","{""reading"": 2, ""assignments"": 3, ""projects"": 1, ""labs"": 1}","{""midterm"": 30, ""final"": 40, ""assignments"": 30}",https://uwaterloo.ca/engineering/undergraduate-studies/nanotechnology-engineering
NE318,Continuum Mechanics for Nanotechnology Engineering,NE,318,0.5,300,Course from Nanotechnology Engineering program,"[""F"", ""W""]",,"[""mechanics""]","{""reading"": 2, ""assignments"": 3, ""projects"": 1, ""labs"": 1}","{""midterm"": 30, ""final"": 40, ""assignments"": 30}",https://uwaterloo.ca/engineering/undergraduate-studies/nanotechnology-engineering
NE320,Characterization of Materials Laboratory,NE,320,0.5,300,Course from Nanotechnology Engineering program,"[""F"", ""W""]",,"[""mechanics""]","{""reading"": 2, ""assignments"": 3, ""projects"": 1, ""labs"": 1}","{""midterm"": 30, ""final"": 40, ""assignments"": 30}",https://uwaterloo.ca/engineering/undergraduate-studies/nanotechnology-engineering
NE332,Quantum Mechanics,NE,332,0.5,300,Course from Nanotechnology Engineering program,"[""F"", ""W""]",,"[""mechanics""]","{""reading"": 2, ""assignments"": 3, ""projects"": 1, ""labs"": 1}","{""midterm"": 30, ""final"": 40, ""assignments"": 30}",https://uwaterloo.ca/engineering/undergraduate-studies/nanotechnology-engineering
NE333,Macromolecular Science,NE,333,0.5,300,Course from Nanotechnology Engineering program,"[""F"", ""W""]",,"[""general engineering""]","{""reading"": 2, ""assignments"": 3, ""projects"": 1, ""labs"": 1}","{""midterm"": 30, ""final"": 40, ""assignments"": 30}",https://uwaterloo.ca/engineering/undergraduate-studies/nanotechnology-engineering
NE343,Microfabrication and Thin-film Technology,NE,343,0.5,300,Course from Nanotechnology Engineering program,"[""F"", ""W""]",,"[""general engineering""]","{""reading"": 2, ""assignments"": 3, ""projects"": 1, ""labs"": 1}","{""midterm"": 30, ""final"": 40, ""assignments"": 30}",https://uwaterloo.ca/engineering/undergraduate-studies/nanotechnology-engineering
NE302,Nanotechnology Engineering Practice 6,NE,302,0.5,300,Course from Nanotechnology Engineering program,"[""F"", ""W""]",,"[""general engineering""]","{""reading"": 2, ""assignments"": 3, ""projects"": 1, ""labs"": 1}","{""midterm"": 30, ""final"": 40, ""assignments"": 30}",https://uwaterloo.ca/engineering/undergraduate-studies/nanotechnology-engineering
NE307,Introduction to Nanosystems Design,NE,307,0.5,300,Course from Nanotechnology Engineering program,"[""F"", ""W""]",,"[""design"", ""systems""]","{""reading"": 2, ""assignments"": 3, ""projects"": 1, ""labs"": 1}","{""midterm"": 30, ""final"": 40, ""assignments"": 30}",https://uwaterloo.ca/engineering/undergraduate-studies/nanotechnology-engineering
NE330,Macromolecular Science Laboratory,NE,330,0.5,300,Course from Nanotechnology Engineering program,"[""F"", ""W""]",,"[""general engineering""]","{""reading"": 2, ""assignments"": 3, ""projects"": 1, ""labs"": 1}","{""midterm"": 30, ""final"": 40, ""assignments"": 30}",https://uwaterloo.ca/engineering/undergraduate-studies/nanotechnology-engineering
NE334,Statistical Thermodynamics,NE,334,0.5,300,Course from Nanotechnology Engineering program,"[""F"", ""W""]",,"[""mechanics""]","{""reading"": 2, ""assignments"": 3, ""projects"": 1, ""labs"": 1}","{""midterm"": 30, ""final"": 40, ""assignments"": 30}",https://uwaterloo.ca/engineering/undergraduate-studies/nanotechnology-engineering
NE336,Micro and Nanosystem CAD,NE,336,0.5,300,Course from Nanotechnology Engineering program,"[""F"", ""W""]",,"[""general engineering""]","{""reading"": 2, ""assignments"": 3, ""projects"": 1, ""labs"": 1}","{""midterm"": 30, ""final"": 40, ""assignments"": 30}",https://uwaterloo.ca/engineering/undergraduate-studies/nanotechnology-engineering
NE340,Microfabrication and Thin-film Technology Laboratory,NE,340,0.5,300,Course from Nanotechnology Engineering program,"[""F"", ""W""]",,"[""general engineering""]","{""reading"": 2, ""assignments"": 3, ""projects"": 1, ""labs"": 1}","{""midterm"": 30, ""final"": 40, ""assignments"": 30}",https://uwaterloo.ca/engineering/undergraduate-studies/nanotechnology-engineering
NE350,Work-term Report 2,NE,350,0.5,300,Course from Nanotechnology Engineering program,"[""F"", ""W""]",,"[""general engineering""]","{""reading"": 2, ""assignments"": 3, ""projects"": 1, ""labs"": 1}","{""midterm"": 30, ""final"": 40, ""assignments"": 30}",https://uwaterloo.ca/engineering/undergraduate-studies/nanotechnology-engineering
NE352,Surfaces and Interfaces,NE,352,0.5,300,Course from Nanotechnology Engineering program,"[""F"", ""W""]",,"[""general engineering""]","{""reading"": 2, ""assignments"": 3, ""projects"": 1, ""labs"": 1}","{""midterm"": 30, ""final"": 40, ""assignments"": 30}",https://uwaterloo.ca/engineering/undergraduate-studies/nanotechnology-engineering
NE408,Nanosystems Design Project 1,NE,408,0.5,400,Course from Nanotechnology Engineering program,"[""F"", ""W""]",,"[""design"", ""systems""]","{""reading"": 2, ""assignments"": 3, ""projects"": 1, ""labs"": 1}","{""midterm"": 30, ""final"": 40, ""assignments"": 30}",https://uwaterloo.ca/engineering/undergraduate-studies/nanotechnology-engineering
Two senior laboratory course electives (NE 454A/B/C/D),Two senior laboratory course electives (NE 454A/B/C/D),UNKNOWN,000,0.5,400,Course from Nanotechnology Engineering program,"[""F"", ""W""]",,"[""general engineering""]","{""reading"": 2, ""assignments"": 3, ""projects"": 1, ""labs"": 1}","{""midterm"": 30, ""final"": 40, ""assignments"": 30}",https://uwaterloo.ca/engineering/undergraduate-studies/nanotechnology-engineering
NE409,Nanosystems Design Project and Symposium,NE,409,0.5,400,Course from Nanotechnology Engineering program,"[""F"", ""W""]",,"[""design"", ""systems""]","{""reading"": 2, ""assignments"": 3, ""projects"": 1, ""labs"": 1}","{""midterm"": 30, ""final"": 40, ""assignments"": 30}",https://uwaterloo.ca/engineering/undergraduate-studies/nanotechnology-engineering
Technical Electives (per TE lists),Technical Electives (per TE lists),UNKNOWN,000,0.5,200,Course from Nanotechnology Engineering program,"[""F"", ""W""]",,"[""general engineering""]","{""reading"": 2, ""assignments"": 3, ""projects"": 1, ""labs"": 1}","{""midterm"": 30, ""final"": 40, ""assignments"": 30}",https://uwaterloo.ca/engineering/undergraduate-studies/nanotechnology-engineering
CS137,Programming Principles,CS,137,0.5,100,Course from Software Engineering program,"[""F"", ""W""]",,"[""software""]","{""reading"": 2, ""assignments"": 3, ""projects"": 1, ""labs"": 1}","{""midterm"": 30, ""final"": 40, ""assignments"": 30}",https://uwaterloo.ca/engineering/undergraduate-studies/software-engineering
MATH135,Algebra for Honours Mathematics,MATH,135,0.5,100,Course from Software Engineering program,"[""F"", ""W""]",,"[""mathematics""]","{""reading"": 2, ""assignments"": 3, ""projects"": 1, ""labs"": 1}","{""midterm"": 30, ""final"": 40, ""assignments"": 30}",https://uwaterloo.ca/engineering/undergraduate-studies/software-engineering
CS138,Introduction to Data Abstraction and Implementation,CS,138,0.5,100,Course from Software Engineering program,"[""F"", ""W""]",,"[""data""]","{""reading"": 2, ""assignments"": 3, ""projects"": 1, ""labs"": 1}","{""midterm"": 30, ""final"": 40, ""assignments"": 30}",https://uwaterloo.ca/engineering/undergraduate-studies/software-engineering
SE201,Seminar,SE,201,0.5,200,Course from Software Engineering program,"[""F"", ""W""]",,"[""general engineering""]","{""reading"": 2, ""assignments"": 3, ""projects"": 1, ""labs"": 1}","{""midterm"": 30, ""final"": 40, ""assignments"": 30}",https://uwaterloo.ca/engineering/undergraduate-studies/software-engineering
SE212,Logic and Computation,SE,212,0.5,200,Course from Software Engineering program,"[""F"", ""W""]",,"[""general engineering""]","{""reading"": 2, ""assignments"": 3, ""projects"": 1, ""labs"": 1}","{""midterm"": 30, ""final"": 40, ""assignments"": 30}",https://uwaterloo.ca/engineering/undergraduate-studies/software-engineering
CS240,Data Structures and Data Management,CS,240,0.5,200,Course from Software Engineering program,"[""F"", ""W""]",,"[""data""]","{""reading"": 2, ""assignments"": 3, ""projects"": 1, ""labs"": 1}","{""midterm"": 30, ""final"": 40, ""assignments"": 30}",https://uwaterloo.ca/engineering/undergraduate-studies/software-engineering
CS247,Software Engineering Principles,CS,247,0.5,200,Course from Software Engineering program,"[""F"", ""W""]",,"[""software""]","{""reading"": 2, ""assignments"": 3, ""projects"": 1, ""labs"": 1}","{""midterm"": 30, ""final"": 40, ""assignments"": 30}",https://uwaterloo.ca/engineering/undergraduate-studies/software-engineering
CS348,Introduction to Database Management,CS,348,0.5,300,Course from Software Engineering program,"[""F"", ""W""]",,"[""data""]","{""reading"": 2, ""assignments"": 3, ""projects"": 1, ""labs"": 1}","{""midterm"": 30, ""final"": 40, ""assignments"": 30}",https://uwaterloo.ca/engineering/undergraduate-studies/software-engineering
ECE192,Engineering Economics and Impact on Society,ECE,192,0.5,100,Course from Software Engineering program,"[""F"", ""W""]",,"[""general engineering""]","{""reading"": 2, ""assignments"": 3, ""projects"": 1, ""labs"": 1}","{""midterm"": 30, ""final"": 40, ""assignments"": 30}",https://uwaterloo.ca/engineering/undergraduate-studies/software-engineering
MATH239,Introduction to Combinatorics,MATH,239,0.5,200,Course from Software Engineering program,"[""F"", ""W""]",,"[""general engineering""]","{""reading"": 2, ""assignments"": 3, ""projects"": 1, ""labs"": 1}","{""midterm"": 30, ""final"": 40, ""assignments"": 30}",https://uwaterloo.ca/engineering/undergraduate-studies/software-engineering
CS341,Algorithms,CS,341,0.5,300,Course from Software Engineering program,"[""F"", ""W""]",,"[""general engineering""]","{""reading"": 2, ""assignments"": 3, ""projects"": 1, ""labs"": 1}","{""midterm"": 30, ""final"": 40, ""assignments"": 30}",https://uwaterloo.ca/engineering/undergraduate-studies/software-engineering
CS349,User Interfaces,CS,349,0.5,300,Course from Software Engineering program,"[""F"", ""W""]",,"[""general engineering""]","{""reading"": 2, ""assignments"": 3, ""projects"": 1, ""labs"": 1}","{""midterm"": 30, ""final"": 40, ""assignments"": 30}",https://uwaterloo.ca/engineering/undergraduate-studies/software-engineering
SE301,Seminar,SE,301,0.5,300,Course from Software Engineering program,"[""F"", ""W""]",,"[""general engineering""]","{""reading"": 2, ""assignments"": 3, ""projects"": 1, ""labs"": 1}","{""midterm"": 30, ""final"": 40, ""assignments"": 30}",https://uwaterloo.ca/engineering/undergraduate-studies/software-engineering
SE350,Operating Systems,SE,350,0.5,300,Course from Software Engineering program,"[""F"", ""W""]",,"[""systems""]","{""reading"": 2, ""assignments"": 3, ""projects"": 1, ""labs"": 1}","{""midterm"": 30, ""final"": 40, ""assignments"": 30}",https://uwaterloo.ca/engineering/undergraduate-studies/software-engineering
SE465,Software Testing and Quality Assurance,SE,465,0.5,400,Course from Software Engineering program,"[""F"", ""W""]",,"[""software""]","{""reading"": 2, ""assignments"": 3, ""projects"": 1, ""labs"": 1}","{""midterm"": 30, ""final"": 40, ""assignments"": 30}",https://uwaterloo.ca/engineering/undergraduate-studies/software-engineering
SE463,"Software Project Management, Requirements, and Analysis (or CS/ECE equivalent)",SE,463,0.5,400,Course from Software Engineering program,"[""F"", ""W""]",,"[""software"", ""design""]","{""reading"": 2, ""assignments"": 3, ""projects"": 1, ""labs"": 1}","{""midterm"": 30, ""final"": 40, ""assignments"": 30}",https://uwaterloo.ca/engineering/undergraduate-studies/software-engineering
SE464,Software Design and Architectures (or CS/ECE equivalent),SE,464,0.5,400,Course from Software Engineering program,"[""F"", ""W""]",,"[""software"", ""design""]","{""reading"": 2, ""assignments"": 3, ""projects"": 1, ""labs"": 1}","{""midterm"": 30, ""final"": 40, ""assignments"": 30}",https://uwaterloo.ca/engineering/undergraduate-studies/software-engineering
"Communication/Society course (List A/C/D, e.g., CS 492 / STV 302)","Communication/Society course (List A/C/D, e.g., CS 492 / STV 302)",UNKNOWN,000,0.5,400,Course from Software Engineering program,"[""F"", ""W""]",,"[""communication""]","{""reading"": 2, ""assignments"": 3, ""projects"": 1, ""labs"": 1}","{""midterm"": 30, ""final"": 40, ""assignments"": 30}",https://uwaterloo.ca/engineering/undergraduate-studies/software-engineering
Fourth-year project/thesis or approved project course (varies),Fourth-year project/thesis or approved project course (varies),UNKNOWN,000,0.5,200,Course from Software Engineering program,"[""F"", ""W""]",,"[""design""]","{""reading"": 2, ""assignments"": 3, ""projects"": 1, ""labs"": 1}","{""midterm"": 30, ""final"": 40, ""assignments"": 30}",https://uwaterloo.ca/engineering/undergraduate-studies/software-engineering
Impact/Society Elective (if not previously taken),Impact/Society Elective (if not previously taken),UNKNOWN,000,0.5,200,Course from Software Engineering program,"[""F"", ""W""]",,"[""general engineering""]","{""reading"": 2, ""assignments"": 3, ""projects"": 1, ""labs"": 1}","{""midterm"": 30, ""final"": 40, ""assignments"": 30}",https://uwaterloo.ca/engineering/undergraduate-studies/software-engineering
Technical Electives (23 depending on sequence),Technical Electives (23 depending on sequence),UNKNOWN,000,0.5,100,Course from Software Engineering program,"[""F"", ""W""]",,"[""general engineering""]","{""reading"": 2, ""assignments"": 3, ""projects"": 1, ""labs"": 1}","{""midterm"": 30, ""final"": 40, ""assignments"": 30}",https://uwaterloo.ca/engineering/undergraduate-studies/software-engineering
Seminar/Capstone continuation (varies by cohort),Seminar/Capstone continuation (varies by cohort),UNKNOWN,000,0.5,200,Course from Software Engineering program,"[""F"", ""W""]",,"[""general engineering""]","{""reading"": 2, ""assignments"": 3, ""projects"": 1, ""labs"": 1}","{""midterm"": 30, ""final"": 40, ""assignments"": 30}",https://uwaterloo.ca/engineering/undergraduate-studies/software-engineering
